,Navn,Stasjon,Tid(norsk normaltid),Maksimumstemperatur (døgn),Middeltemperatur (døgn),Minimumstemperatur (døgn),Nedbør (døgn),Høyeste middelvind (døgn),År,Dag nummer
0,Oslo - Blindern,SN18700,2019-01-01 00:00:00+00:00,7.3,4.7,1.8,0.0,10.7,2019,1
1,Oslo - Blindern,SN18700,2019-01-02 00:00:00+00:00,4.9,1.0,-2.5,0.0,10.9,2019,2
2,Oslo - Blindern,SN18700,2019-01-03 00:00:00+00:00,3.2,1.0,-0.6,0.0,6.8,2019,3
3,Oslo - Blindern,SN18700,2019-01-04 00:00:00+00:00,4.9,2.3,-1.1,0.0,2.6,2019,4
4,Oslo - Blindern,SN18700,2019-01-05 00:00:00+00:00,10.4,3.3,0.6,0.0,5.7,2019,5
5,Oslo - Blindern,SN18700,2019-01-06 00:00:00+00:00,2.6,-1.0,-2.5,0.0,2.5,2019,6
6,Oslo - Blindern,SN18700,2019-01-07 00:00:00+00:00,-0.4,-1.0,-2.3,0.0,2.7,2019,7
7,Oslo - Blindern,SN18700,2019-01-08 00:00:00+00:00,2.5,1.3,-0.5,6.8,8.9,2019,8
8,Oslo - Blindern,SN18700,2019-01-09 00:00:00+00:00,2.4,0.3,-1.0,4.2,8.5,2019,9
9,Oslo - Blindern,SN18700,2019-01-10 00:00:00+00:00,0.7,-2.1,-4.1,0.0,2.4,2019,10
10,Oslo - Blindern,SN18700,2019-01-11 00:00:00+00:00,6.2,-0.3,-3.7,0.0,5.8,2019,11
11,Oslo - Blindern,SN18700,2019-01-12 00:00:00+00:00,1.4,-4.3,-6.1,0.0,3.7,2019,12
12,Oslo - Blindern,SN18700,2019-01-13 00:00:00+00:00,0.3,-3.5,-7.5,0.1,4.0,2019,13
13,Oslo - Blindern,SN18700,2019-01-14 00:00:00+00:00,2.6,0.1,-4.4,0.0,11.6,2019,14
14,Oslo - Blindern,SN18700,2019-01-15 00:00:00+00:00,1.2,-3.9,-6.6,0.0,8.4,2019,15
15,Oslo - Blindern,SN18700,2019-01-16 00:00:00+00:00,-3.1,-5.5,-8.6,2.3,4.6,2019,16
16,Oslo - Blindern,SN18700,2019-01-17 00:00:00+00:00,-2.7,-6.4,-9.5,5.8,6.6,2019,17
17,Oslo - Blindern,SN18700,2019-01-18 00:00:00+00:00,0.2,-4.4,-9.5,0.0,4.2,2019,18
18,Oslo - Blindern,SN18700,2019-01-19 00:00:00+00:00,-2.1,-4.7,-8.1,0.0,4.5,2019,19
19,Oslo - Blindern,SN18700,2019-01-20 00:00:00+00:00,-1.4,-5.9,-9.9,0.0,4.0,2019,20
20,Oslo - Blindern,SN18700,2019-01-21 00:00:00+00:00,-3.1,-5.2,-7.6,1.1,4.1,2019,21
21,Oslo - Blindern,SN18700,2019-01-22 00:00:00+00:00,-3.3,-4.1,-6.9,0.0,4.2,2019,22
22,Oslo - Blindern,SN18700,2019-01-23 00:00:00+00:00,-0.6,-1.7,-3.4,0.0,4.3,2019,23
23,Oslo - Blindern,SN18700,2019-01-24 00:00:00+00:00,-0.7,-2.4,-3.1,0.0,2.8,2019,24
24,Oslo - Blindern,SN18700,2019-01-25 00:00:00+00:00,-2.1,-2.9,-3.1,2.8,3.1,2019,25
25,Oslo - Blindern,SN18700,2019-01-26 00:00:00+00:00,-2.9,-4.6,-5.5,2.5,4.1,2019,26
26,Oslo - Blindern,SN18700,2019-01-27 00:00:00+00:00,-4.0,-6.0,-6.6,0.6,8.5,2019,27
27,Oslo - Blindern,SN18700,2019-01-28 00:00:00+00:00,-3.9,-5.2,-6.5,6.0,9.0,2019,28
28,Oslo - Blindern,SN18700,2019-01-29 00:00:00+00:00,-4.6,-10.6,-12.5,2.9,4.0,2019,29
29,Oslo - Blindern,SN18700,2019-01-30 00:00:00+00:00,-7.9,-10.1,-14.1,0.0,4.8,2019,30
30,Oslo - Blindern,SN18700,2019-01-31 00:00:00+00:00,-4.8,-6.4,-9.5,0.5,7.7,2019,31
31,Oslo - Blindern,SN18700,2019-02-01 00:00:00+00:00,-2.1,-2.7,-4.8,2.5,8.2,2019,32
32,Oslo - Blindern,SN18700,2019-02-02 00:00:00+00:00,-2.6,-3.3,-3.7,11.9,8.0,2019,33
33,Oslo - Blindern,SN18700,2019-02-03 00:00:00+00:00,-0.3,-4.6,-7.8,3.5,4.8,2019,34
34,Oslo - Blindern,SN18700,2019-02-04 00:00:00+00:00,-4.0,-7.0,-12.6,0.0,6.1,2019,35
35,Oslo - Blindern,SN18700,2019-02-05 00:00:00+00:00,-0.3,-2.5,-4.2,10.3,6.4,2019,36
36,Oslo - Blindern,SN18700,2019-02-06 00:00:00+00:00,-1.9,-5.7,-10.0,0.3,4.1,2019,37
37,Oslo - Blindern,SN18700,2019-02-07 00:00:00+00:00,-1.3,-2.4,-3.8,2.9,6.7,2019,38
38,Oslo - Blindern,SN18700,2019-02-08 00:00:00+00:00,1.6,-0.1,-3.8,3.3,6.6,2019,39
39,Oslo - Blindern,SN18700,2019-02-09 00:00:00+00:00,4.2,3.3,0.3,15.0,4.8,2019,40
40,Oslo - Blindern,SN18700,2019-02-10 00:00:00+00:00,3.7,1.9,0.8,6.1,5.7,2019,41
41,Oslo - Blindern,SN18700,2019-02-11 00:00:00+00:00,3.7,0.7,-2.1,10.2,8.3,2019,42
42,Oslo - Blindern,SN18700,2019-02-12 00:00:00+00:00,0.5,-2.1,-6.6,0.0,6.3,2019,43
43,Oslo - Blindern,SN18700,2019-02-13 00:00:00+00:00,11.1,4.7,-0.8,2.2,9.6,2019,44
44,Oslo - Blindern,SN18700,2019-02-14 00:00:00+00:00,6.0,1.8,-1.9,0.0,3.6,2019,45
45,Oslo - Blindern,SN18700,2019-02-15 00:00:00+00:00,3.3,2.3,1.1,0.0,3.8,2019,46
46,Oslo - Blindern,SN18700,2019-02-16 00:00:00+00:00,4.3,2.1,1.1,0.0,4.2,2019,47
47,Oslo - Blindern,SN18700,2019-02-17 00:00:00+00:00,3.8,1.9,-2.6,0.0,4.8,2019,48
48,Oslo - Blindern,SN18700,2019-02-18 00:00:00+00:00,4.2,3.5,2.1,0.6,5.0,2019,49
49,Oslo - Blindern,SN18700,2019-02-19 00:00:00+00:00,5.7,3.2,2.3,0.0,5.4,2019,50
50,Oslo - Blindern,SN18700,2019-02-20 00:00:00+00:00,5.7,1.4,-1.9,0.0,5.0,2019,51
51,Oslo - Blindern,SN18700,2019-02-21 00:00:00+00:00,2.1,-0.1,-0.5,9.7,5.2,2019,52
52,Oslo - Blindern,SN18700,2019-02-22 00:00:00+00:00,1.6,0.2,-1.2,0.4,5.2,2019,53
53,Oslo - Blindern,SN18700,2019-02-23 00:00:00+00:00,2.5,2.0,1.1,2.1,4.9,2019,54
54,Oslo - Blindern,SN18700,2019-02-24 00:00:00+00:00,4.9,2.2,1.1,0.1,2.8,2019,55
55,Oslo - Blindern,SN18700,2019-02-25 00:00:00+00:00,5.7,3.0,0.5,0.0,3.3,2019,56
56,Oslo - Blindern,SN18700,2019-02-26 00:00:00+00:00,10.5,4.8,1.7,0.0,3.5,2019,57
57,Oslo - Blindern,SN18700,2019-02-27 00:00:00+00:00,3.9,0.9,-0.6,0.0,2.3,2019,58
58,Oslo - Blindern,SN18700,2019-02-28 00:00:00+00:00,9.6,3.4,-1.7,0.0,5.3,2019,59
59,Oslo - Blindern,SN18700,2019-03-01 00:00:00+00:00,6.5,1.9,-1.2,0.0,5.9,2019,60
60,Oslo - Blindern,SN18700,2019-03-02 00:00:00+00:00,5.4,-0.5,-5.8,0.0,2.4,2019,61
61,Oslo - Blindern,SN18700,2019-03-03 00:00:00+00:00,5.2,2.8,0.5,5.6,3.5,2019,62
62,Oslo - Blindern,SN18700,2019-03-04 00:00:00+00:00,3.6,1.7,1.4,5.8,8.0,2019,63
63,Oslo - Blindern,SN18700,2019-03-05 00:00:00+00:00,1.6,-1.5,-3.2,3.4,7.3,2019,64
64,Oslo - Blindern,SN18700,2019-03-06 00:00:00+00:00,-0.6,-1.8,-3.8,3.6,4.8,2019,65
65,Oslo - Blindern,SN18700,2019-03-07 00:00:00+00:00,2.0,1.2,-0.9,6.9,5.8,2019,66
66,Oslo - Blindern,SN18700,2019-03-08 00:00:00+00:00,3.9,0.9,0.4,12.9,10.7,2019,67
67,Oslo - Blindern,SN18700,2019-03-09 00:00:00+00:00,0.6,-1.8,-2.9,0.8,7.8,2019,68
68,Oslo - Blindern,SN18700,2019-03-10 00:00:00+00:00,2.5,-1.9,-8.1,1.5,4.9,2019,69
69,Oslo - Blindern,SN18700,2019-03-11 00:00:00+00:00,3.9,-2.2,-8.3,0.0,5.1,2019,70
70,Oslo - Blindern,SN18700,2019-03-12 00:00:00+00:00,-0.1,-3.1,-8.6,0.0,5.2,2019,71
71,Oslo - Blindern,SN18700,2019-03-13 00:00:00+00:00,3.4,1.0,-1.1,8.2,4.3,2019,72
72,Oslo - Blindern,SN18700,2019-03-14 00:00:00+00:00,1.9,-1.9,-6.2,5.6,3.3,2019,73
73,Oslo - Blindern,SN18700,2019-03-15 00:00:00+00:00,1.7,0.4,-0.4,0.0,3.6,2019,74
74,Oslo - Blindern,SN18700,2019-03-16 00:00:00+00:00,2.4,0.7,-0.8,0.6,3.9,2019,75
75,Oslo - Blindern,SN18700,2019-03-17 00:00:00+00:00,3.3,1.5,-0.6,8.2,8.5,2019,76
76,Oslo - Blindern,SN18700,2019-03-18 00:00:00+00:00,6.9,2.5,0.1,8.8,9.5,2019,77
77,Oslo - Blindern,SN18700,2019-03-19 00:00:00+00:00,7.8,2.3,-4.0,0.0,4.8,2019,78
78,Oslo - Blindern,SN18700,2019-03-20 00:00:00+00:00,12.2,6.5,1.5,0.0,7.3,2019,79
79,Oslo - Blindern,SN18700,2019-03-21 00:00:00+00:00,14.4,7.6,4.0,0.0,9.1,2019,80
80,Oslo - Blindern,SN18700,2019-03-22 00:00:00+00:00,9.8,2.9,-2.0,0.0,6.8,2019,81
81,Oslo - Blindern,SN18700,2019-03-23 00:00:00+00:00,10.4,6.5,3.7,0.0,9.7,2019,82
82,Oslo - Blindern,SN18700,2019-03-24 00:00:00+00:00,7.8,4.2,1.2,0.2,6.6,2019,83
83,Oslo - Blindern,SN18700,2019-03-25 00:00:00+00:00,9.3,4.1,-0.4,0.0,9.8,2019,84
84,Oslo - Blindern,SN18700,2019-03-26 00:00:00+00:00,8.9,4.3,-1.3,0.0,6.6,2019,85
85,Oslo - Blindern,SN18700,2019-03-27 00:00:00+00:00,13.5,5.9,-0.7,0.0,3.5,2019,86
86,Oslo - Blindern,SN18700,2019-03-28 00:00:00+00:00,15.0,7.0,-0.3,0.0,6.6,2019,87
87,Oslo - Blindern,SN18700,2019-03-29 00:00:00+00:00,15.5,9.2,4.8,0.0,9.6,2019,88
88,Oslo - Blindern,SN18700,2019-03-30 00:00:00+00:00,11.1,6.3,3.7,0.0,6.2,2019,89
89,Oslo - Blindern,SN18700,2019-03-31 00:00:00+00:00,7.3,3.7,1.6,1.3,8.0,2019,90
90,Oslo - Blindern,SN18700,2019-04-01 00:00:00+00:00,7.7,2.0,-4.5,0.0,6.9,2019,91
91,Oslo - Blindern,SN18700,2019-04-02 00:00:00+00:00,9.6,4.7,0.7,0.0,6.1,2019,92
92,Oslo - Blindern,SN18700,2019-04-03 00:00:00+00:00,5.8,4.2,2.1,0.0,6.3,2019,93
93,Oslo - Blindern,SN18700,2019-04-04 00:00:00+00:00,14.2,8.8,4.1,0.1,6.0,2019,94
94,Oslo - Blindern,SN18700,2019-04-05 00:00:00+00:00,11.2,5.8,4.7,0.0,7.5,2019,95
95,Oslo - Blindern,SN18700,2019-04-06 00:00:00+00:00,11.6,5.8,1.2,0.0,5.5,2019,96
96,Oslo - Blindern,SN18700,2019-04-07 00:00:00+00:00,10.4,6.1,2.7,0.0,7.6,2019,97
97,Oslo - Blindern,SN18700,2019-04-08 00:00:00+00:00,8.6,4.3,1.0,0.0,9.3,2019,98
98,Oslo - Blindern,SN18700,2019-04-09 00:00:00+00:00,7.4,2.4,-3.1,0.0,7.6,2019,99
99,Oslo - Blindern,SN18700,2019-04-10 00:00:00+00:00,6.3,2.2,-0.8,0.0,6.2,2019,100
100,Oslo - Blindern,SN18700,2019-04-11 00:00:00+00:00,7.7,2.6,-1.1,0.0,4.5,2019,101
101,Oslo - Blindern,SN18700,2019-04-12 00:00:00+00:00,9.5,3.6,-4.2,0.0,4.6,2019,102
102,Oslo - Blindern,SN18700,2019-04-13 00:00:00+00:00,11.2,5.6,-1.4,0.0,4.7,2019,103
103,Oslo - Blindern,SN18700,2019-04-14 00:00:00+00:00,11.7,5.1,-1.8,0.0,4.4,2019,104
104,Oslo - Blindern,SN18700,2019-04-15 00:00:00+00:00,13.2,6.2,-2.2,0.0,4.4,2019,105
105,Oslo - Blindern,SN18700,2019-04-16 00:00:00+00:00,11.3,6.6,1.2,0.0,4.8,2019,106
106,Oslo - Blindern,SN18700,2019-04-17 00:00:00+00:00,15.5,8.3,1.9,0.0,4.7,2019,107
107,Oslo - Blindern,SN18700,2019-04-18 00:00:00+00:00,18.2,10.2,1.4,0.0,3.7,2019,108
108,Oslo - Blindern,SN18700,2019-04-19 00:00:00+00:00,19.7,11.0,2.1,0.0,3.8,2019,109
109,Oslo - Blindern,SN18700,2019-04-20 00:00:00+00:00,20.2,11.5,2.3,0.0,4.4,2019,110
110,Oslo - Blindern,SN18700,2019-04-21 00:00:00+00:00,19.8,12.0,5.2,0.0,4.0,2019,111
111,Oslo - Blindern,SN18700,2019-04-22 00:00:00+00:00,19.1,11.8,5.7,0.0,6.2,2019,112
112,Oslo - Blindern,SN18700,2019-04-23 00:00:00+00:00,20.0,13.1,3.8,0.0,4.9,2019,113
113,Oslo - Blindern,SN18700,2019-04-24 00:00:00+00:00,20.1,15.0,9.5,0.0,7.5,2019,114
114,Oslo - Blindern,SN18700,2019-04-25 00:00:00+00:00,17.9,14.1,10.9,0.1,7.7,2019,115
115,Oslo - Blindern,SN18700,2019-04-26 00:00:00+00:00,20.1,14.8,9.9,1.5,6.0,2019,116
116,Oslo - Blindern,SN18700,2019-04-27 00:00:00+00:00,20.0,14.6,11.3,0.1,7.2,2019,117
117,Oslo - Blindern,SN18700,2019-04-28 00:00:00+00:00,21.4,14.6,9.9,9.5,8.3,2019,118
118,Oslo - Blindern,SN18700,2019-04-29 00:00:00+00:00,24.3,16.2,7.0,0.0,4.9,2019,119
119,Oslo - Blindern,SN18700,2019-04-30 00:00:00+00:00,22.8,16.5,13.1,0.0,4.9,2019,120
120,Oslo - Blindern,SN18700,2019-05-01 00:00:00+00:00,17.8,13.4,10.5,0.0,4.3,2019,121
121,Oslo - Blindern,SN18700,2019-05-02 00:00:00+00:00,13.9,6.8,3.9,0.5,10.3,2019,122
122,Oslo - Blindern,SN18700,2019-05-03 00:00:00+00:00,8.9,4.0,-1.4,0.0,7.7,2019,123
123,Oslo - Blindern,SN18700,2019-05-04 00:00:00+00:00,11.0,5.5,0.0,0.4,9.5,2019,124
124,Oslo - Blindern,SN18700,2019-05-05 00:00:00+00:00,11.3,5.8,-0.3,0.9,5.8,2019,125
125,Oslo - Blindern,SN18700,2019-05-06 00:00:00+00:00,7.2,3.3,1.6,0.2,9.2,2019,126
126,Oslo - Blindern,SN18700,2019-05-07 00:00:00+00:00,9.4,4.9,1.2,0.9,7.0,2019,127
127,Oslo - Blindern,SN18700,2019-05-08 00:00:00+00:00,11.8,5.5,-1.8,0.0,5.9,2019,128
128,Oslo - Blindern,SN18700,2019-05-09 00:00:00+00:00,7.8,6.6,2.7,0.3,7.2,2019,129
129,Oslo - Blindern,SN18700,2019-05-10 00:00:00+00:00,9.9,8.7,7.5,10.5,3.5,2019,130
130,Oslo - Blindern,SN18700,2019-05-11 00:00:00+00:00,10.4,7.9,7.0,15.2,5.8,2019,131
131,Oslo - Blindern,SN18700,2019-05-12 00:00:00+00:00,12.6,7.8,4.9,0.6,8.8,2019,132
132,Oslo - Blindern,SN18700,2019-05-13 00:00:00+00:00,14.1,8.8,2.0,0.0,6.5,2019,133
133,Oslo - Blindern,SN18700,2019-05-14 00:00:00+00:00,17.9,10.5,4.4,0.0,5.3,2019,134
134,Oslo - Blindern,SN18700,2019-05-15 00:00:00+00:00,19.9,12.6,4.0,0.0,5.0,2019,135
135,Oslo - Blindern,SN18700,2019-05-16 00:00:00+00:00,21.9,16.3,7.8,0.0,5.1,2019,136
136,Oslo - Blindern,SN18700,2019-05-17 00:00:00+00:00,22.6,17.4,9.0,0.0,6.6,2019,137
137,Oslo - Blindern,SN18700,2019-05-18 00:00:00+00:00,20.3,12.5,9.4,4.4,7.7,2019,138
138,Oslo - Blindern,SN18700,2019-05-19 00:00:00+00:00,18.7,14.5,12.1,12.3,6.3,2019,139
139,Oslo - Blindern,SN18700,2019-05-20 00:00:00+00:00,17.6,14.5,11.1,0.1,5.7,2019,140
140,Oslo - Blindern,SN18700,2019-05-21 00:00:00+00:00,24.8,18.7,14.8,2.0,5.6,2019,141
141,Oslo - Blindern,SN18700,2019-05-22 00:00:00+00:00,22.7,17.0,14.1,0.9,6.2,2019,142
142,Oslo - Blindern,SN18700,2019-05-23 00:00:00+00:00,14.2,11.6,9.0,0.0,7.1,2019,143
143,Oslo - Blindern,SN18700,2019-05-24 00:00:00+00:00,14.2,10.2,8.7,12.3,5.9,2019,144
144,Oslo - Blindern,SN18700,2019-05-25 00:00:00+00:00,17.6,12.7,6.4,8.9,5.4,2019,145
145,Oslo - Blindern,SN18700,2019-05-26 00:00:00+00:00,15.8,11.5,7.9,0.6,9.6,2019,146
146,Oslo - Blindern,SN18700,2019-05-27 00:00:00+00:00,13.6,10.6,8.0,0.0,5.8,2019,147
147,Oslo - Blindern,SN18700,2019-05-28 00:00:00+00:00,17.4,10.3,6.5,0.3,7.7,2019,148
148,Oslo - Blindern,SN18700,2019-05-29 00:00:00+00:00,16.1,10.5,4.4,1.8,6.8,2019,149
149,Oslo - Blindern,SN18700,2019-05-30 00:00:00+00:00,12.9,9.2,7.6,0.7,6.3,2019,150
150,Oslo - Blindern,SN18700,2019-05-31 00:00:00+00:00,19.8,12.1,2.9,9.2,6.6,2019,151
151,Oslo - Blindern,SN18700,2019-06-01 00:00:00+00:00,17.0,11.8,8.6,2.0,5.2,2019,152
152,Oslo - Blindern,SN18700,2019-06-02 00:00:00+00:00,19.2,12.8,6.8,1.7,5.7,2019,153
153,Oslo - Blindern,SN18700,2019-06-03 00:00:00+00:00,17.9,13.5,10.7,5.9,6.3,2019,154
154,Oslo - Blindern,SN18700,2019-06-04 00:00:00+00:00,18.8,13.7,8.4,0.0,7.2,2019,155
155,Oslo - Blindern,SN18700,2019-06-05 00:00:00+00:00,16.9,13.0,8.1,0.0,6.4,2019,156
156,Oslo - Blindern,SN18700,2019-06-06 00:00:00+00:00,28.0,18.9,12.3,2.5,6.5,2019,157
157,Oslo - Blindern,SN18700,2019-06-07 00:00:00+00:00,19.0,15.4,14.6,27.8,6.1,2019,158
158,Oslo - Blindern,SN18700,2019-06-08 00:00:00+00:00,19.6,14.2,11.5,0.3,3.6,2019,159
159,Oslo - Blindern,SN18700,2019-06-09 00:00:00+00:00,15.3,13.0,11.3,15.9,7.0,2019,160
160,Oslo - Blindern,SN18700,2019-06-10 00:00:00+00:00,19.2,13.9,7.1,3.9,6.8,2019,161
161,Oslo - Blindern,SN18700,2019-06-11 00:00:00+00:00,21.3,15.3,8.0,0.0,6.0,2019,162
162,Oslo - Blindern,SN18700,2019-06-12 00:00:00+00:00,16.4,10.1,8.7,18.1,9.6,2019,163
163,Oslo - Blindern,SN18700,2019-06-13 00:00:00+00:00,15.5,11.7,8.7,18.4,8.3,2019,164
164,Oslo - Blindern,SN18700,2019-06-14 00:00:00+00:00,19.8,15.0,10.6,0.3,4.3,2019,165
165,Oslo - Blindern,SN18700,2019-06-15 00:00:00+00:00,25.9,19.1,10.0,1.9,4.1,2019,166
166,Oslo - Blindern,SN18700,2019-06-16 00:00:00+00:00,22.9,16.7,15.4,0.0,5.4,2019,167
167,Oslo - Blindern,SN18700,2019-06-17 00:00:00+00:00,20.8,16.3,12.5,0.2,8.2,2019,168
168,Oslo - Blindern,SN18700,2019-06-18 00:00:00+00:00,19.2,15.5,12.3,0.1,6.8,2019,169
169,Oslo - Blindern,SN18700,2019-06-19 00:00:00+00:00,20.7,15.7,10.8,0.0,5.2,2019,170
170,Oslo - Blindern,SN18700,2019-06-20 00:00:00+00:00,17.9,15.6,12.9,18.2,5.3,2019,171
171,Oslo - Blindern,SN18700,2019-06-21 00:00:00+00:00,19.7,14.8,11.0,0.1,8.4,2019,172
172,Oslo - Blindern,SN18700,2019-06-22 00:00:00+00:00,21.2,15.4,8.5,0.7,6.8,2019,173
173,Oslo - Blindern,SN18700,2019-06-23 00:00:00+00:00,20.0,15.1,7.4,0.0,4.5,2019,174
174,Oslo - Blindern,SN18700,2019-06-24 00:00:00+00:00,24.2,18.2,9.4,0.0,4.0,2019,175
175,Oslo - Blindern,SN18700,2019-06-25 00:00:00+00:00,21.2,15.4,12.9,0.0,5.2,2019,176
176,Oslo - Blindern,SN18700,2019-06-26 00:00:00+00:00,23.2,16.7,12.4,3.7,2.9,2019,177
177,Oslo - Blindern,SN18700,2019-06-27 00:00:00+00:00,22.7,17.3,12.5,3.1,12.8,2019,178
178,Oslo - Blindern,SN18700,2019-06-28 00:00:00+00:00,24.6,18.7,13.4,0.0,5.4,2019,179
179,Oslo - Blindern,SN18700,2019-06-29 00:00:00+00:00,26.7,19.6,12.7,0.0,5.4,2019,180
180,Oslo - Blindern,SN18700,2019-06-30 00:00:00+00:00,24.6,19.1,14.7,0.0,5.9,2019,181
181,Oslo - Blindern,SN18700,2019-07-01 00:00:00+00:00,23.9,17.7,13.6,0.2,7.4,2019,182
182,Oslo - Blindern,SN18700,2019-07-02 00:00:00+00:00,19.5,14.3,10.4,2.1,6.6,2019,183
183,Oslo - Blindern,SN18700,2019-07-03 00:00:00+00:00,18.2,13.0,9.4,0.4,7.6,2019,184
184,Oslo - Blindern,SN18700,2019-07-04 00:00:00+00:00,18.7,12.9,9.2,0.6,8.7,2019,185
185,Oslo - Blindern,SN18700,2019-07-05 00:00:00+00:00,22.3,15.7,9.3,1.5,6.5,2019,186
186,Oslo - Blindern,SN18700,2019-07-06 00:00:00+00:00,17.8,13.5,11.6,0.0,6.5,2019,187
187,Oslo - Blindern,SN18700,2019-07-07 00:00:00+00:00,20.3,14.5,11.2,7.3,6.3,2019,188
188,Oslo - Blindern,SN18700,2019-07-08 00:00:00+00:00,21.1,16.4,11.8,1.2,6.4,2019,189
189,Oslo - Blindern,SN18700,2019-07-09 00:00:00+00:00,22.9,17.4,13.2,0.0,5.3,2019,190
190,Oslo - Blindern,SN18700,2019-07-10 00:00:00+00:00,26.4,19.5,11.1,0.0,4.6,2019,191
191,Oslo - Blindern,SN18700,2019-07-11 00:00:00+00:00,26.8,19.7,12.3,0.0,5.4,2019,192
192,Oslo - Blindern,SN18700,2019-07-12 00:00:00+00:00,25.4,18.9,11.5,0.0,5.1,2019,193
193,Oslo - Blindern,SN18700,2019-07-13 00:00:00+00:00,25.2,19.1,13.5,0.0,4.8,2019,194
194,Oslo - Blindern,SN18700,2019-07-14 00:00:00+00:00,22.9,18.0,13.9,0.2,4.8,2019,195
195,Oslo - Blindern,SN18700,2019-07-15 00:00:00+00:00,21.1,16.3,14.1,0.2,8.4,2019,196
196,Oslo - Blindern,SN18700,2019-07-16 00:00:00+00:00,21.9,16.2,10.4,7.5,8.2,2019,197
197,Oslo - Blindern,SN18700,2019-07-17 00:00:00+00:00,23.0,17.6,11.0,0.5,7.5,2019,198
198,Oslo - Blindern,SN18700,2019-07-18 00:00:00+00:00,20.5,16.5,14.0,0.0,6.1,2019,199
199,Oslo - Blindern,SN18700,2019-07-19 00:00:00+00:00,18.7,16.1,13.1,0.2,5.5,2019,200
200,Oslo - Blindern,SN18700,2019-07-20 00:00:00+00:00,22.8,17.8,14.4,15.1,5.3,2019,201
201,Oslo - Blindern,SN18700,2019-07-21 00:00:00+00:00,19.3,16.9,15.7,8.2,5.1,2019,202
202,Oslo - Blindern,SN18700,2019-07-22 00:00:00+00:00,21.3,16.6,11.7,5.3,6.1,2019,203
203,Oslo - Blindern,SN18700,2019-07-23 00:00:00+00:00,26.6,20.3,15.2,4.5,4.1,2019,204
204,Oslo - Blindern,SN18700,2019-07-24 00:00:00+00:00,26.3,20.6,17.8,0.0,3.5,2019,205
205,Oslo - Blindern,SN18700,2019-07-25 00:00:00+00:00,28.2,21.6,14.6,0.0,3.9,2019,206
206,Oslo - Blindern,SN18700,2019-07-26 00:00:00+00:00,31.7,25.3,16.8,0.0,3.0,2019,207
207,Oslo - Blindern,SN18700,2019-07-27 00:00:00+00:00,30.5,25.0,21.3,0.0,5.7,2019,208
208,Oslo - Blindern,SN18700,2019-07-28 00:00:00+00:00,30.5,25.0,21.5,0.3,6.1,2019,209
209,Oslo - Blindern,SN18700,2019-07-29 00:00:00+00:00,30.1,24.6,20.2,0.5,6.3,2019,210
210,Oslo - Blindern,SN18700,2019-07-30 00:00:00+00:00,26.8,14.3,11.4,0.0,9.5,2019,211
211,Oslo - Blindern,SN18700,2019-07-31 00:00:00+00:00,16.8,14.6,12.0,2.6,3.9,2019,212
212,Oslo - Blindern,SN18700,2019-08-01 00:00:00+00:00,24.5,18.5,13.7,0.1,3.4,2019,213
213,Oslo - Blindern,SN18700,2019-08-02 00:00:00+00:00,27.6,20.3,12.1,0.0,3.5,2019,214
214,Oslo - Blindern,SN18700,2019-08-03 00:00:00+00:00,25.7,19.3,13.1,0.0,4.2,2019,215
215,Oslo - Blindern,SN18700,2019-08-04 00:00:00+00:00,22.1,17.2,15.4,25.5,5.5,2019,216
216,Oslo - Blindern,SN18700,2019-08-05 00:00:00+00:00,18.1,16.1,15.2,0.3,4.2,2019,217
217,Oslo - Blindern,SN18700,2019-08-06 00:00:00+00:00,18.2,16.1,12.8,0.0,3.2,2019,218
218,Oslo - Blindern,SN18700,2019-08-07 00:00:00+00:00,22.0,16.9,13.9,0.0,6.4,2019,219
219,Oslo - Blindern,SN18700,2019-08-08 00:00:00+00:00,22.8,17.7,15.2,3.3,4.4,2019,220
220,Oslo - Blindern,SN18700,2019-08-09 00:00:00+00:00,24.3,18.2,12.0,0.3,5.4,2019,221
221,Oslo - Blindern,SN18700,2019-08-10 00:00:00+00:00,20.1,16.2,14.8,3.7,4.5,2019,222
222,Oslo - Blindern,SN18700,2019-08-11 00:00:00+00:00,20.3,17.3,15.7,28.1,6.3,2019,223
223,Oslo - Blindern,SN18700,2019-08-12 00:00:00+00:00,21.2,17.6,15.9,3.0,6.9,2019,224
224,Oslo - Blindern,SN18700,2019-08-13 00:00:00+00:00,21.9,16.7,13.5,0.2,5.7,2019,225
225,Oslo - Blindern,SN18700,2019-08-14 00:00:00+00:00,19.2,14.5,12.0,1.0,4.6,2019,226
226,Oslo - Blindern,SN18700,2019-08-15 00:00:00+00:00,20.0,14.2,8.5,0.0,5.1,2019,227
227,Oslo - Blindern,SN18700,2019-08-16 00:00:00+00:00,19.2,15.6,13.2,1.7,5.8,2019,228
228,Oslo - Blindern,SN18700,2019-08-17 00:00:00+00:00,16.5,15.0,13.4,3.7,6.0,2019,229
229,Oslo - Blindern,SN18700,2019-08-18 00:00:00+00:00,19.3,15.7,13.1,11.6,6.1,2019,230
230,Oslo - Blindern,SN18700,2019-08-19 00:00:00+00:00,20.1,14.9,11.9,3.5,7.5,2019,231
231,Oslo - Blindern,SN18700,2019-08-20 00:00:00+00:00,20.2,15.5,10.8,3.5,6.9,2019,232
232,Oslo - Blindern,SN18700,2019-08-21 00:00:00+00:00,20.4,15.8,11.5,0.1,5.2,2019,233
233,Oslo - Blindern,SN18700,2019-08-22 00:00:00+00:00,17.2,12.8,9.1,0.0,8.6,2019,234
234,Oslo - Blindern,SN18700,2019-08-23 00:00:00+00:00,23.3,16.8,12.6,13.4,5.7,2019,235
235,Oslo - Blindern,SN18700,2019-08-24 00:00:00+00:00,23.5,16.9,10.2,0.0,4.4,2019,236
236,Oslo - Blindern,SN18700,2019-08-25 00:00:00+00:00,24.0,18.7,15.7,0.1,5.3,2019,237
237,Oslo - Blindern,SN18700,2019-08-26 00:00:00+00:00,25.1,18.3,13.9,0.0,4.5,2019,238
238,Oslo - Blindern,SN18700,2019-08-27 00:00:00+00:00,26.8,19.5,13.1,0.0,2.8,2019,239
239,Oslo - Blindern,SN18700,2019-08-28 00:00:00+00:00,22.8,18.8,15.3,0.1,4.0,2019,240
240,Oslo - Blindern,SN18700,2019-08-29 00:00:00+00:00,20.6,17.6,16.8,13.4,6.6,2019,241
241,Oslo - Blindern,SN18700,2019-08-30 00:00:00+00:00,19.2,15.3,9.6,10.5,7.3,2019,242
242,Oslo - Blindern,SN18700,2019-08-31 00:00:00+00:00,19.2,17.1,16.3,0.0,6.8,2019,243
243,Oslo - Blindern,SN18700,2019-09-01 00:00:00+00:00,19.4,15.7,13.9,34.1,5.1,2019,244
244,Oslo - Blindern,SN18700,2019-09-02 00:00:00+00:00,19.6,12.8,7.2,1.0,5.0,2019,245
245,Oslo - Blindern,SN18700,2019-09-03 00:00:00+00:00,18.5,12.5,8.4,3.1,4.6,2019,246
246,Oslo - Blindern,SN18700,2019-09-04 00:00:00+00:00,14.3,10.7,7.5,6.7,4.4,2019,247
247,Oslo - Blindern,SN18700,2019-09-05 00:00:00+00:00,17.1,11.6,8.8,31.0,6.6,2019,248
248,Oslo - Blindern,SN18700,2019-09-06 00:00:00+00:00,14.9,10.2,4.8,0.1,4.9,2019,249
249,Oslo - Blindern,SN18700,2019-09-07 00:00:00+00:00,13.2,10.7,10.5,18.1,5.6,2019,250
250,Oslo - Blindern,SN18700,2019-09-08 00:00:00+00:00,13.0,10.9,8.6,3.0,7.4,2019,251
251,Oslo - Blindern,SN18700,2019-09-09 00:00:00+00:00,14.3,12.4,10.4,0.1,5.4,2019,252
252,Oslo - Blindern,SN18700,2019-09-10 00:00:00+00:00,17.9,14.9,12.3,0.1,6.9,2019,253
253,Oslo - Blindern,SN18700,2019-09-11 00:00:00+00:00,16.5,13.8,12.1,4.7,7.7,2019,254
254,Oslo - Blindern,SN18700,2019-09-12 00:00:00+00:00,17.5,12.7,7.9,6.7,6.8,2019,255
255,Oslo - Blindern,SN18700,2019-09-13 00:00:00+00:00,17.3,12.1,7.4,0.0,7.8,2019,256
256,Oslo - Blindern,SN18700,2019-09-14 00:00:00+00:00,13.6,10.1,4.9,0.0,5.8,2019,257
257,Oslo - Blindern,SN18700,2019-09-15 00:00:00+00:00,18.9,13.5,9.1,0.4,8.8,2019,258
258,Oslo - Blindern,SN18700,2019-09-16 00:00:00+00:00,16.3,10.9,6.5,0.0,7.1,2019,259
259,Oslo - Blindern,SN18700,2019-09-17 00:00:00+00:00,13.8,9.8,6.0,0.0,7.1,2019,260
260,Oslo - Blindern,SN18700,2019-09-18 00:00:00+00:00,16.0,10.2,5.1,0.0,6.1,2019,261
261,Oslo - Blindern,SN18700,2019-09-19 00:00:00+00:00,13.2,8.1,2.6,0.1,3.8,2019,262
262,Oslo - Blindern,SN18700,2019-09-20 00:00:00+00:00,19.9,12.1,6.6,0.0,5.1,2019,263
263,Oslo - Blindern,SN18700,2019-09-21 00:00:00+00:00,22.5,13.2,5.5,0.2,4.6,2019,264
264,Oslo - Blindern,SN18700,2019-09-22 00:00:00+00:00,19.4,12.3,6.6,0.0,6.5,2019,265
265,Oslo - Blindern,SN18700,2019-09-23 00:00:00+00:00,14.0,10.0,9.3,0.0,5.5,2019,266
266,Oslo - Blindern,SN18700,2019-09-24 00:00:00+00:00,11.8,10.5,9.3,0.0,3.8,2019,267
267,Oslo - Blindern,SN18700,2019-09-25 00:00:00+00:00,12.3,10.7,9.9,0.0,3.9,2019,268
268,Oslo - Blindern,SN18700,2019-09-26 00:00:00+00:00,11.7,10.4,9.4,0.0,4.0,2019,269
269,Oslo - Blindern,SN18700,2019-09-27 00:00:00+00:00,11.0,9.6,8.8,3.1,5.8,2019,270
270,Oslo - Blindern,SN18700,2019-09-28 00:00:00+00:00,13.8,10.9,8.9,39.6,6.1,2019,271
271,Oslo - Blindern,SN18700,2019-09-29 00:00:00+00:00,15.9,10.8,7.8,16.1,3.4,2019,272
272,Oslo - Blindern,SN18700,2019-09-30 00:00:00+00:00,9.9,7.0,4.9,0.6,7.6,2019,273
273,Oslo - Blindern,SN18700,2019-10-01 00:00:00+00:00,14.1,8.5,1.9,3.5,5.6,2019,274
274,Oslo - Blindern,SN18700,2019-10-02 00:00:00+00:00,10.3,8.1,5.2,3.0,9.0,2019,275
275,Oslo - Blindern,SN18700,2019-10-03 00:00:00+00:00,8.6,5.0,3.4,0.0,5.1,2019,276
276,Oslo - Blindern,SN18700,2019-10-04 00:00:00+00:00,6.9,3.7,1.7,2.6,5.3,2019,277
277,Oslo - Blindern,SN18700,2019-10-05 00:00:00+00:00,7.6,2.8,0.5,0.0,4.8,2019,278
278,Oslo - Blindern,SN18700,2019-10-06 00:00:00+00:00,6.8,2.3,-1.0,0.0,4.0,2019,279
279,Oslo - Blindern,SN18700,2019-10-07 00:00:00+00:00,8.6,2.3,-2.9,0.0,3.3,2019,280
280,Oslo - Blindern,SN18700,2019-10-08 00:00:00+00:00,4.5,3.4,1.5,0.7,2.8,2019,281
281,Oslo - Blindern,SN18700,2019-10-09 00:00:00+00:00,5.2,4.6,2.9,4.7,4.4,2019,282
282,Oslo - Blindern,SN18700,2019-10-10 00:00:00+00:00,7.9,6.8,5.1,7.5,5.5,2019,283
283,Oslo - Blindern,SN18700,2019-10-11 00:00:00+00:00,8.7,6.9,5.0,0.5,2.7,2019,284
284,Oslo - Blindern,SN18700,2019-10-12 00:00:00+00:00,11.4,7.4,6.2,4.0,2.7,2019,285
285,Oslo - Blindern,SN18700,2019-10-13 00:00:00+00:00,12.0,7.0,2.1,0.2,3.9,2019,286
286,Oslo - Blindern,SN18700,2019-10-14 00:00:00+00:00,9.9,7.7,6.4,6.7,5.7,2019,287
287,Oslo - Blindern,SN18700,2019-10-15 00:00:00+00:00,8.0,6.4,5.1,0.1,8.5,2019,288
288,Oslo - Blindern,SN18700,2019-10-16 00:00:00+00:00,7.4,6.6,5.0,28.8,7.7,2019,289
289,Oslo - Blindern,SN18700,2019-10-17 00:00:00+00:00,7.4,6.8,6.3,8.9,5.3,2019,290
290,Oslo - Blindern,SN18700,2019-10-18 00:00:00+00:00,8.1,7.3,6.2,4.1,4.8,2019,291
291,Oslo - Blindern,SN18700,2019-10-19 00:00:00+00:00,8.2,6.6,5.3,7.1,8.0,2019,292
292,Oslo - Blindern,SN18700,2019-10-20 00:00:00+00:00,6.4,5.5,3.1,8.2,7.6,2019,293
293,Oslo - Blindern,SN18700,2019-10-21 00:00:00+00:00,5.1,3.9,1.6,10.4,3.9,2019,294
294,Oslo - Blindern,SN18700,2019-10-22 00:00:00+00:00,9.6,7.2,3.3,0.0,7.1,2019,295
295,Oslo - Blindern,SN18700,2019-10-23 00:00:00+00:00,12.3,8.7,7.3,0.2,4.9,2019,296
296,Oslo - Blindern,SN18700,2019-10-24 00:00:00+00:00,11.1,8.4,4.3,0.0,6.2,2019,297
297,Oslo - Blindern,SN18700,2019-10-25 00:00:00+00:00,12.2,9.2,5.4,7.5,7.6,2019,298
298,Oslo - Blindern,SN18700,2019-10-26 00:00:00+00:00,6.5,4.8,3.8,1.5,6.2,2019,299
299,Oslo - Blindern,SN18700,2019-10-27 00:00:00+00:00,6.8,2.7,0.6,0.1,4.4,2019,300
300,Oslo - Blindern,SN18700,2019-10-28 00:00:00+00:00,8.0,2.3,-0.6,0.0,3.0,2019,301
301,Oslo - Blindern,SN18700,2019-10-29 00:00:00+00:00,8.8,1.8,-1.8,0.0,3.7,2019,302
302,Oslo - Blindern,SN18700,2019-10-30 00:00:00+00:00,3.9,0.2,-2.8,0.0,3.2,2019,303
303,Oslo - Blindern,SN18700,2019-10-31 00:00:00+00:00,8.0,3.0,-0.2,0.0,3.3,2019,304
304,Oslo - Blindern,SN18700,2019-11-01 00:00:00+00:00,2.4,0.5,-2.1,0.0,3.1,2019,305
305,Oslo - Blindern,SN18700,2019-11-02 00:00:00+00:00,3.3,2.0,0.9,0.0,5.0,2019,306
306,Oslo - Blindern,SN18700,2019-11-03 00:00:00+00:00,2.4,1.4,-0.4,0.0,7.6,2019,307
307,Oslo - Blindern,SN18700,2019-11-04 00:00:00+00:00,1.5,-0.2,-0.8,0.0,8.1,2019,308
308,Oslo - Blindern,SN18700,2019-11-05 00:00:00+00:00,-0.2,-2.3,-3.2,0.0,7.8,2019,309
309,Oslo - Blindern,SN18700,2019-11-06 00:00:00+00:00,-0.7,-2.9,-3.9,0.0,5.3,2019,310
310,Oslo - Blindern,SN18700,2019-11-07 00:00:00+00:00,-1.1,-2.9,-4.4,0.0,5.5,2019,311
311,Oslo - Blindern,SN18700,2019-11-08 00:00:00+00:00,-1.1,-1.5,-4.4,0.0,6.8,2019,312
312,Oslo - Blindern,SN18700,2019-11-09 00:00:00+00:00,0.0,-0.5,-1.7,3.8,8.2,2019,313
313,Oslo - Blindern,SN18700,2019-11-10 00:00:00+00:00,-0.5,-1.6,-2.3,0.0,6.6,2019,314
314,Oslo - Blindern,SN18700,2019-11-11 00:00:00+00:00,-1.9,-2.6,-3.6,3.4,7.1,2019,315
315,Oslo - Blindern,SN18700,2019-11-12 00:00:00+00:00,3.1,1.6,-2.3,2.4,5.8,2019,316
316,Oslo - Blindern,SN18700,2019-11-13 00:00:00+00:00,3.4,2.9,1.6,9.7,3.2,2019,317
317,Oslo - Blindern,SN18700,2019-11-14 00:00:00+00:00,3.4,2.7,2.4,1.8,4.6,2019,318
318,Oslo - Blindern,SN18700,2019-11-15 00:00:00+00:00,3.6,2.8,2.2,0.2,6.1,2019,319
319,Oslo - Blindern,SN18700,2019-11-16 00:00:00+00:00,3.2,2.5,1.9,0.0,9.0,2019,320
320,Oslo - Blindern,SN18700,2019-11-17 00:00:00+00:00,5.5,3.0,2.0,15.2,10.0,2019,321
321,Oslo - Blindern,SN18700,2019-11-18 00:00:00+00:00,4.2,3.1,0.9,2.0,7.7,2019,322
322,Oslo - Blindern,SN18700,2019-11-19 00:00:00+00:00,6.9,5.2,4.0,19.2,4.8,2019,323
323,Oslo - Blindern,SN18700,2019-11-20 00:00:00+00:00,4.6,1.3,-1.2,12.8,5.7,2019,324
324,Oslo - Blindern,SN18700,2019-11-21 00:00:00+00:00,5.5,4.7,2.6,0.6,7.4,2019,325
325,Oslo - Blindern,SN18700,2019-11-22 00:00:00+00:00,6.4,5.2,4.6,12.7,4.9,2019,326
326,Oslo - Blindern,SN18700,2019-11-23 00:00:00+00:00,4.8,4.6,4.3,6.6,5.8,2019,327
327,Oslo - Blindern,SN18700,2019-11-24 00:00:00+00:00,4.6,3.1,2.3,1.1,4.6,2019,328
328,Oslo - Blindern,SN18700,2019-11-25 00:00:00+00:00,2.4,1.7,1.5,0.4,3.6,2019,329
329,Oslo - Blindern,SN18700,2019-11-26 00:00:00+00:00,2.2,1.6,1.2,2.2,3.6,2019,330
330,Oslo - Blindern,SN18700,2019-11-27 00:00:00+00:00,2.2,1.7,1.1,9.0,5.1,2019,331
331,Oslo - Blindern,SN18700,2019-11-28 00:00:00+00:00,1.6,0.6,0.2,3.3,9.1,2019,332
332,Oslo - Blindern,SN18700,2019-11-29 00:00:00+00:00,1.1,-1.3,-2.9,5.9,8.7,2019,333
333,Oslo - Blindern,SN18700,2019-11-30 00:00:00+00:00,-1.4,-5.3,-7.2,0.0,2.7,2019,334
334,Oslo - Blindern,SN18700,2019-12-01 00:00:00+00:00,-4.0,-5.4,-7.9,0.0,2.6,2019,335
335,Oslo - Blindern,SN18700,2019-12-02 00:00:00+00:00,-2.6,-5.3,-6.8,0.0,2.3,2019,336
336,Oslo - Blindern,SN18700,2019-12-03 00:00:00+00:00,-0.1,-2.3,-7.2,0.0,2.1,2019,337
337,Oslo - Blindern,SN18700,2019-12-04 00:00:00+00:00,1.6,-0.2,-2.4,5.3,3.1,2019,338
338,Oslo - Blindern,SN18700,2019-12-05 00:00:00+00:00,5.6,4.1,-1.1,0.0,7.4,2019,339
339,Oslo - Blindern,SN18700,2019-12-06 00:00:00+00:00,6.2,2.7,1.5,4.4,6.5,2019,340
340,Oslo - Blindern,SN18700,2019-12-07 00:00:00+00:00,3.3,1.1,-0.4,1.6,3.6,2019,341
341,Oslo - Blindern,SN18700,2019-12-08 00:00:00+00:00,1.3,-0.4,-2.6,1.7,5.8,2019,342
342,Oslo - Blindern,SN18700,2019-12-09 00:00:00+00:00,2.6,1.0,-0.6,4.1,9.4,2019,343
343,Oslo - Blindern,SN18700,2019-12-10 00:00:00+00:00,1.6,-2.2,-6.6,0.7,7.6,2019,344
344,Oslo - Blindern,SN18700,2019-12-11 00:00:00+00:00,5.9,4.6,1.6,6.1,8.6,2019,345
345,Oslo - Blindern,SN18700,2019-12-12 00:00:00+00:00,4.8,3.7,3.0,0.0,5.3,2019,346
346,Oslo - Blindern,SN18700,2019-12-13 00:00:00+00:00,3.7,2.1,0.8,7.0,4.4,2019,347
347,Oslo - Blindern,SN18700,2019-12-14 00:00:00+00:00,2.6,1.8,1.4,1.0,4.7,2019,348
348,Oslo - Blindern,SN18700,2019-12-15 00:00:00+00:00,2.2,1.6,1.1,1.2,4.4,2019,349
349,Oslo - Blindern,SN18700,2019-12-16 00:00:00+00:00,1.9,0.0,-0.3,2.9,2.8,2019,350
350,Oslo - Blindern,SN18700,2019-12-17 00:00:00+00:00,-0.3,-2.0,-2.7,0.0,3.1,2019,351
351,Oslo - Blindern,SN18700,2019-12-18 00:00:00+00:00,-1.8,-3.7,-5.2,0.0,3.7,2019,352
352,Oslo - Blindern,SN18700,2019-12-19 00:00:00+00:00,0.6,-2.7,-6.9,0.0,5.0,2019,353
353,Oslo - Blindern,SN18700,2019-12-20 00:00:00+00:00,3.2,2.4,0.6,5.3,5.2,2019,354
354,Oslo - Blindern,SN18700,2019-12-21 00:00:00+00:00,3.5,3.2,2.3,0.2,6.0,2019,355
355,Oslo - Blindern,SN18700,2019-12-22 00:00:00+00:00,3.5,2.1,1.4,3.9,3.8,2019,356
356,Oslo - Blindern,SN18700,2019-12-23 00:00:00+00:00,2.4,2.0,1.5,0.0,5.2,2019,357
357,Oslo - Blindern,SN18700,2019-12-24 00:00:00+00:00,1.9,1.5,1.1,4.4,4.9,2019,358
358,Oslo - Blindern,SN18700,2019-12-25 00:00:00+00:00,1.7,-0.3,-1.6,1.9,2.7,2019,359
359,Oslo - Blindern,SN18700,2019-12-26 00:00:00+00:00,-0.9,-2.4,-3.9,0.0,2.2,2019,360
360,Oslo - Blindern,SN18700,2019-12-27 00:00:00+00:00,-1.4,-4.9,-6.3,0.0,3.4,2019,361
361,Oslo - Blindern,SN18700,2019-12-28 00:00:00+00:00,0.7,-1.2,-5.6,0.6,4.5,2019,362
362,Oslo - Blindern,SN18700,2019-12-29 00:00:00+00:00,5.9,4.4,0.7,4.7,5.9,2019,363
363,Oslo - Blindern,SN18700,2019-12-30 00:00:00+00:00,8.3,5.5,2.2,0.0,5.9,2019,364
364,Oslo - Blindern,SN18700,2019-12-31 00:00:00+00:00,6.3,1.1,-1.8,0.0,6.3,2019,365
365,Oslo - Blindern,SN18700,2020-01-01 00:00:00+00:00,3.8,1.9,-1.8,0.0,5.9,2020,1
366,Oslo - Blindern,SN18700,2020-01-02 00:00:00+00:00,6.2,4.1,0.0,0.0,6.3,2020,2
367,Oslo - Blindern,SN18700,2020-01-03 00:00:00+00:00,7.0,4.5,1.3,0.0,9.0,2020,3
368,Oslo - Blindern,SN18700,2020-01-04 00:00:00+00:00,3.6,0.7,-2.1,0.2,7.4,2020,4
369,Oslo - Blindern,SN18700,2020-01-05 00:00:00+00:00,2.5,-0.1,-3.6,0.0,5.5,2020,5
370,Oslo - Blindern,SN18700,2020-01-06 00:00:00+00:00,4.0,2.7,-0.4,0.6,2.7,2020,6
371,Oslo - Blindern,SN18700,2020-01-07 00:00:00+00:00,5.9,4.5,3.3,0.0,7.5,2020,7
372,Oslo - Blindern,SN18700,2020-01-08 00:00:00+00:00,8.1,5.7,3.5,0.4,8.9,2020,8
373,Oslo - Blindern,SN18700,2020-01-09 00:00:00+00:00,4.0,1.8,0.0,0.0,7.1,2020,9
374,Oslo - Blindern,SN18700,2020-01-10 00:00:00+00:00,2.0,-1.3,-3.7,0.0,5.3,2020,10
375,Oslo - Blindern,SN18700,2020-01-11 00:00:00+00:00,6.4,3.3,-5.7,0.0,10.9,2020,11
376,Oslo - Blindern,SN18700,2020-01-12 00:00:00+00:00,7.0,1.9,-0.7,1.1,6.8,2020,12
377,Oslo - Blindern,SN18700,2020-01-13 00:00:00+00:00,2.0,-0.7,-3.4,0.0,4.0,2020,13
378,Oslo - Blindern,SN18700,2020-01-14 00:00:00+00:00,6.3,4.6,-2.0,8.2,8.3,2020,14
379,Oslo - Blindern,SN18700,2020-01-15 00:00:00+00:00,5.6,4.1,2.5,7.4,5.8,2020,15
380,Oslo - Blindern,SN18700,2020-01-16 00:00:00+00:00,7.6,5.1,3.8,0.0,6.3,2020,16
381,Oslo - Blindern,SN18700,2020-01-17 00:00:00+00:00,6.0,5.5,2.7,1.8,5.7,2020,17
382,Oslo - Blindern,SN18700,2020-01-18 00:00:00+00:00,5.6,3.6,1.2,27.5,3.4,2020,18
383,Oslo - Blindern,SN18700,2020-01-19 00:00:00+00:00,5.5,1.7,-0.8,0.8,5.0,2020,19
384,Oslo - Blindern,SN18700,2020-01-20 00:00:00+00:00,7.2,3.7,-0.7,0.0,3.3,2020,20
385,Oslo - Blindern,SN18700,2020-01-21 00:00:00+00:00,9.0,5.3,3.4,0.0,8.4,2020,21
386,Oslo - Blindern,SN18700,2020-01-22 00:00:00+00:00,7.1,3.5,-1.1,0.0,8.2,2020,22
387,Oslo - Blindern,SN18700,2020-01-23 00:00:00+00:00,2.4,0.7,-1.4,0.0,3.4,2020,23
388,Oslo - Blindern,SN18700,2020-01-24 00:00:00+00:00,6.9,3.1,0.8,0.0,7.1,2020,24
389,Oslo - Blindern,SN18700,2020-01-25 00:00:00+00:00,5.0,1.2,-1.4,0.0,5.3,2020,25
390,Oslo - Blindern,SN18700,2020-01-26 00:00:00+00:00,4.2,3.5,1.9,0.0,3.2,2020,26
391,Oslo - Blindern,SN18700,2020-01-27 00:00:00+00:00,5.3,4.3,3.7,1.5,5.4,2020,27
392,Oslo - Blindern,SN18700,2020-01-28 00:00:00+00:00,4.2,2.4,1.9,10.1,7.4,2020,28
393,Oslo - Blindern,SN18700,2020-01-29 00:00:00+00:00,2.3,1.5,1.1,8.4,6.6,2020,29
394,Oslo - Blindern,SN18700,2020-01-30 00:00:00+00:00,1.7,-0.3,-0.9,2.9,3.0,2020,30
395,Oslo - Blindern,SN18700,2020-01-31 00:00:00+00:00,1.4,0.9,-0.7,4.0,4.8,2020,31
396,Oslo - Blindern,SN18700,2020-02-01 00:00:00+00:00,6.5,4.5,1.0,1.8,4.7,2020,32
397,Oslo - Blindern,SN18700,2020-02-02 00:00:00+00:00,6.1,2.4,1.1,0.0,6.5,2020,33
398,Oslo - Blindern,SN18700,2020-02-03 00:00:00+00:00,1.8,-0.6,-3.5,0.0,3.4,2020,34
399,Oslo - Blindern,SN18700,2020-02-04 00:00:00+00:00,1.2,-1.9,-4.0,2.4,6.2,2020,35
400,Oslo - Blindern,SN18700,2020-02-05 00:00:00+00:00,3.5,-1.3,-7.1,0.3,4.3,2020,36
401,Oslo - Blindern,SN18700,2020-02-06 00:00:00+00:00,7.8,2.3,-1.6,0.0,3.4,2020,37
402,Oslo - Blindern,SN18700,2020-02-07 00:00:00+00:00,2.9,0.6,-2.6,0.0,3.1,2020,38
403,Oslo - Blindern,SN18700,2020-02-08 00:00:00+00:00,3.7,3.2,1.9,0.3,5.0,2020,39
404,Oslo - Blindern,SN18700,2020-02-09 00:00:00+00:00,5.6,4.7,2.8,1.7,10.6,2020,40
405,Oslo - Blindern,SN18700,2020-02-10 00:00:00+00:00,7.0,5.2,3.7,7.9,7.9,2020,41
406,Oslo - Blindern,SN18700,2020-02-11 00:00:00+00:00,6.3,2.4,0.1,0.0,5.6,2020,42
407,Oslo - Blindern,SN18700,2020-02-12 00:00:00+00:00,7.2,2.8,0.1,0.0,6.0,2020,43
408,Oslo - Blindern,SN18700,2020-02-13 00:00:00+00:00,5.3,0.6,-2.9,0.0,4.2,2020,44
409,Oslo - Blindern,SN18700,2020-02-14 00:00:00+00:00,0.9,-0.9,-4.9,0.0,3.6,2020,45
410,Oslo - Blindern,SN18700,2020-02-15 00:00:00+00:00,7.0,5.0,-0.4,0.1,7.2,2020,46
411,Oslo - Blindern,SN18700,2020-02-16 00:00:00+00:00,8.0,6.0,4.2,7.0,10.1,2020,47
412,Oslo - Blindern,SN18700,2020-02-17 00:00:00+00:00,9.2,6.1,2.9,3.2,9.0,2020,48
413,Oslo - Blindern,SN18700,2020-02-18 00:00:00+00:00,8.2,4.7,3.7,0.0,7.8,2020,49
414,Oslo - Blindern,SN18700,2020-02-19 00:00:00+00:00,6.7,1.1,-2.6,0.0,5.1,2020,50
415,Oslo - Blindern,SN18700,2020-02-20 00:00:00+00:00,5.8,2.6,-2.7,0.0,6.4,2020,51
416,Oslo - Blindern,SN18700,2020-02-21 00:00:00+00:00,6.1,3.7,-0.2,9.0,10.0,2020,52
417,Oslo - Blindern,SN18700,2020-02-22 00:00:00+00:00,9.3,5.6,2.9,0.1,12.1,2020,53
418,Oslo - Blindern,SN18700,2020-02-23 00:00:00+00:00,7.5,3.9,1.8,0.5,6.2,2020,54
419,Oslo - Blindern,SN18700,2020-02-24 00:00:00+00:00,5.5,1.3,-2.1,0.0,5.0,2020,55
420,Oslo - Blindern,SN18700,2020-02-25 00:00:00+00:00,2.2,0.5,-1.0,0.0,9.4,2020,56
421,Oslo - Blindern,SN18700,2020-02-26 00:00:00+00:00,1.3,-2.2,-3.6,0.0,9.3,2020,57
422,Oslo - Blindern,SN18700,2020-02-27 00:00:00+00:00,-0.4,-4.2,-7.5,0.0,4.7,2020,58
423,Oslo - Blindern,SN18700,2020-02-28 00:00:00+00:00,2.9,-2.8,-7.5,0.0,3.5,2020,59
424,Oslo - Blindern,SN18700,2020-02-29 00:00:00+00:00,-0.5,-1.3,-3.2,0.0,7.0,2020,60
425,Oslo - Blindern,SN18700,2020-03-01 00:00:00+00:00,2.8,1.4,-1.5,12.3,8.7,2020,61
426,Oslo - Blindern,SN18700,2020-03-02 00:00:00+00:00,5.8,3.6,1.5,4.7,7.2,2020,62
427,Oslo - Blindern,SN18700,2020-03-03 00:00:00+00:00,3.1,1.6,0.7,5.0,7.5,2020,63
428,Oslo - Blindern,SN18700,2020-03-04 00:00:00+00:00,2.0,0.9,0.2,3.3,6.6,2020,64
429,Oslo - Blindern,SN18700,2020-03-05 00:00:00+00:00,4.2,0.2,-2.6,4.0,2.4,2020,65
430,Oslo - Blindern,SN18700,2020-03-06 00:00:00+00:00,0.7,-1.6,-3.7,0.0,3.1,2020,66
431,Oslo - Blindern,SN18700,2020-03-07 00:00:00+00:00,-0.2,-2.1,-4.2,0.0,3.9,2020,67
432,Oslo - Blindern,SN18700,2020-03-08 00:00:00+00:00,6.1,4.6,-0.6,2.2,8.1,2020,68
433,Oslo - Blindern,SN18700,2020-03-09 00:00:00+00:00,8.6,4.9,3.2,1.8,6.1,2020,69
434,Oslo - Blindern,SN18700,2020-03-10 00:00:00+00:00,5.3,3.4,2.6,0.0,5.7,2020,70
435,Oslo - Blindern,SN18700,2020-03-11 00:00:00+00:00,10.4,5.0,1.6,7.9,7.3,2020,71
436,Oslo - Blindern,SN18700,2020-03-12 00:00:00+00:00,8.3,3.4,-0.1,0.0,7.2,2020,72
437,Oslo - Blindern,SN18700,2020-03-13 00:00:00+00:00,5.0,1.4,0.0,0.1,8.8,2020,73
438,Oslo - Blindern,SN18700,2020-03-14 00:00:00+00:00,3.9,-0.4,-6.4,0.1,7.1,2020,74
439,Oslo - Blindern,SN18700,2020-03-15 00:00:00+00:00,6.3,4.5,1.5,0.8,8.6,2020,75
440,Oslo - Blindern,SN18700,2020-03-16 00:00:00+00:00,8.0,4.4,2.6,2.2,9.4,2020,76
441,Oslo - Blindern,SN18700,2020-03-17 00:00:00+00:00,12.2,7.0,3.4,0.0,7.7,2020,77
442,Oslo - Blindern,SN18700,2020-03-18 00:00:00+00:00,10.1,6.3,4.6,0.0,8.8,2020,78
443,Oslo - Blindern,SN18700,2020-03-19 00:00:00+00:00,10.7,4.5,-1.7,0.0,6.1,2020,79
444,Oslo - Blindern,SN18700,2020-03-20 00:00:00+00:00,7.3,2.6,-0.5,0.0,7.6,2020,80
445,Oslo - Blindern,SN18700,2020-03-21 00:00:00+00:00,6.8,1.8,-2.0,0.0,5.6,2020,81
446,Oslo - Blindern,SN18700,2020-03-22 00:00:00+00:00,6.4,0.9,-5.4,0.0,7.3,2020,82
447,Oslo - Blindern,SN18700,2020-03-23 00:00:00+00:00,6.7,3.4,1.0,0.0,8.3,2020,83
448,Oslo - Blindern,SN18700,2020-03-24 00:00:00+00:00,5.8,4.2,2.0,0.0,8.5,2020,84
449,Oslo - Blindern,SN18700,2020-03-25 00:00:00+00:00,8.3,5.7,3.7,0.0,8.4,2020,85
450,Oslo - Blindern,SN18700,2020-03-26 00:00:00+00:00,10.5,5.6,4.2,0.0,6.2,2020,86
451,Oslo - Blindern,SN18700,2020-03-27 00:00:00+00:00,8.2,4.4,3.3,0.0,3.2,2020,87
452,Oslo - Blindern,SN18700,2020-03-28 00:00:00+00:00,7.8,2.8,-1.3,0.0,9.8,2020,88
453,Oslo - Blindern,SN18700,2020-03-29 00:00:00+00:00,7.1,2.0,-4.9,0.0,8.4,2020,89
454,Oslo - Blindern,SN18700,2020-03-30 00:00:00+00:00,6.5,2.2,-0.4,0.0,6.8,2020,90
455,Oslo - Blindern,SN18700,2020-03-31 00:00:00+00:00,11.9,4.6,-2.7,0.0,7.7,2020,91
456,Oslo - Blindern,SN18700,2020-04-01 00:00:00+00:00,10.9,6.4,2.3,0.0,6.8,2020,92
457,Oslo - Blindern,SN18700,2020-04-02 00:00:00+00:00,9.7,3.4,0.4,0.0,12.0,2020,93
458,Oslo - Blindern,SN18700,2020-04-03 00:00:00+00:00,8.2,3.7,0.2,0.7,8.4,2020,94
459,Oslo - Blindern,SN18700,2020-04-04 00:00:00+00:00,7.3,3.1,-2.7,0.0,6.4,2020,95
460,Oslo - Blindern,SN18700,2020-04-05 00:00:00+00:00,8.6,4.9,2.9,0.3,5.2,2020,96
461,Oslo - Blindern,SN18700,2020-04-06 00:00:00+00:00,13.3,7.8,2.1,1.6,6.4,2020,97
462,Oslo - Blindern,SN18700,2020-04-07 00:00:00+00:00,14.9,9.1,4.2,0.3,11.0,2020,98
463,Oslo - Blindern,SN18700,2020-04-08 00:00:00+00:00,11.5,6.7,0.6,0.0,7.2,2020,99
464,Oslo - Blindern,SN18700,2020-04-09 00:00:00+00:00,11.7,6.6,0.1,0.0,6.2,2020,100
465,Oslo - Blindern,SN18700,2020-04-10 00:00:00+00:00,11.8,6.0,0.8,0.0,5.9,2020,101
466,Oslo - Blindern,SN18700,2020-04-11 00:00:00+00:00,9.8,3.3,-1.6,0.0,6.0,2020,102
467,Oslo - Blindern,SN18700,2020-04-12 00:00:00+00:00,13.2,7.3,4.8,11.3,8.6,2020,103
468,Oslo - Blindern,SN18700,2020-04-13 00:00:00+00:00,8.3,3.8,1.7,0.0,12.3,2020,104
469,Oslo - Blindern,SN18700,2020-04-14 00:00:00+00:00,7.7,3.9,-1.2,0.0,8.4,2020,105
470,Oslo - Blindern,SN18700,2020-04-15 00:00:00+00:00,19.4,11.4,3.9,0.0,9.3,2020,106
471,Oslo - Blindern,SN18700,2020-04-16 00:00:00+00:00,13.3,8.0,4.4,0.3,9.5,2020,107
472,Oslo - Blindern,SN18700,2020-04-17 00:00:00+00:00,11.6,6.2,-1.0,0.7,6.7,2020,108
473,Oslo - Blindern,SN18700,2020-04-18 00:00:00+00:00,12.6,6.8,0.4,0.0,6.4,2020,109
474,Oslo - Blindern,SN18700,2020-04-19 00:00:00+00:00,17.3,10.1,3.1,0.3,4.2,2020,110
475,Oslo - Blindern,SN18700,2020-04-20 00:00:00+00:00,19.3,12.7,5.8,0.0,6.1,2020,111
476,Oslo - Blindern,SN18700,2020-04-21 00:00:00+00:00,20.8,14.2,7.8,0.0,5.0,2020,112
477,Oslo - Blindern,SN18700,2020-04-22 00:00:00+00:00,21.9,13.6,4.9,0.0,5.1,2020,113
478,Oslo - Blindern,SN18700,2020-04-23 00:00:00+00:00,19.5,13.1,6.1,0.0,4.1,2020,114
479,Oslo - Blindern,SN18700,2020-04-24 00:00:00+00:00,17.3,9.4,6.2,0.0,8.0,2020,115
480,Oslo - Blindern,SN18700,2020-04-25 00:00:00+00:00,15.0,8.8,2.4,0.0,5.4,2020,116
481,Oslo - Blindern,SN18700,2020-04-26 00:00:00+00:00,13.3,9.4,4.5,0.0,5.3,2020,117
482,Oslo - Blindern,SN18700,2020-04-27 00:00:00+00:00,11.1,5.2,3.4,0.3,7.0,2020,118
483,Oslo - Blindern,SN18700,2020-04-28 00:00:00+00:00,8.0,4.2,2.2,16.4,7.2,2020,119
484,Oslo - Blindern,SN18700,2020-04-29 00:00:00+00:00,8.9,5.6,1.4,0.1,3.7,2020,120
485,Oslo - Blindern,SN18700,2020-04-30 00:00:00+00:00,7.7,5.0,2.2,0.0,6.1,2020,121
486,Oslo - Blindern,SN18700,2020-05-01 00:00:00+00:00,13.1,6.5,1.5,7.1,6.5,2020,122
487,Oslo - Blindern,SN18700,2020-05-02 00:00:00+00:00,15.5,9.3,3.8,1.9,5.7,2020,123
488,Oslo - Blindern,SN18700,2020-05-03 00:00:00+00:00,14.8,8.2,3.2,0.2,7.0,2020,124
489,Oslo - Blindern,SN18700,2020-05-04 00:00:00+00:00,11.7,7.0,3.3,6.3,7.5,2020,125
490,Oslo - Blindern,SN18700,2020-05-05 00:00:00+00:00,14.5,8.8,3.2,0.1,6.5,2020,126
491,Oslo - Blindern,SN18700,2020-05-06 00:00:00+00:00,17.6,10.6,3.7,0.0,6.7,2020,127
492,Oslo - Blindern,SN18700,2020-05-07 00:00:00+00:00,15.1,9.5,4.6,0.2,7.9,2020,128
493,Oslo - Blindern,SN18700,2020-05-08 00:00:00+00:00,16.0,10.7,5.8,0.0,6.9,2020,129
494,Oslo - Blindern,SN18700,2020-05-09 00:00:00+00:00,16.1,10.6,4.4,0.3,6.0,2020,130
495,Oslo - Blindern,SN18700,2020-05-10 00:00:00+00:00,12.0,4.4,2.1,13.0,7.2,2020,131
496,Oslo - Blindern,SN18700,2020-05-11 00:00:00+00:00,10.7,5.4,-1.4,1.2,6.8,2020,132
497,Oslo - Blindern,SN18700,2020-05-12 00:00:00+00:00,8.5,4.7,-0.3,1.3,10.5,2020,133
498,Oslo - Blindern,SN18700,2020-05-13 00:00:00+00:00,11.9,5.7,-1.7,0.4,5.7,2020,134
499,Oslo - Blindern,SN18700,2020-05-14 00:00:00+00:00,11.5,6.5,-0.2,0.0,7.9,2020,135
500,Oslo - Blindern,SN18700,2020-05-15 00:00:00+00:00,13.4,7.4,2.2,0.0,7.4,2020,136
501,Oslo - Blindern,SN18700,2020-05-16 00:00:00+00:00,10.1,6.6,1.2,0.0,7.1,2020,137
502,Oslo - Blindern,SN18700,2020-05-17 00:00:00+00:00,14.0,9.1,4.4,0.0,9.8,2020,138
503,Oslo - Blindern,SN18700,2020-05-18 00:00:00+00:00,15.6,9.3,1.4,0.5,5.6,2020,139
504,Oslo - Blindern,SN18700,2020-05-19 00:00:00+00:00,16.0,9.7,3.4,0.0,6.8,2020,140
505,Oslo - Blindern,SN18700,2020-05-20 00:00:00+00:00,16.9,10.8,5.2,0.0,5.2,2020,141
506,Oslo - Blindern,SN18700,2020-05-21 00:00:00+00:00,18.7,11.8,4.1,0.0,5.2,2020,142
507,Oslo - Blindern,SN18700,2020-05-22 00:00:00+00:00,18.4,13.0,10.5,0.0,4.8,2020,143
508,Oslo - Blindern,SN18700,2020-05-23 00:00:00+00:00,15.0,10.5,8.7,6.3,9.6,2020,144
509,Oslo - Blindern,SN18700,2020-05-24 00:00:00+00:00,15.1,11.2,8.9,4.4,5.3,2020,145
510,Oslo - Blindern,SN18700,2020-05-25 00:00:00+00:00,21.8,15.3,8.9,2.3,3.8,2020,146
511,Oslo - Blindern,SN18700,2020-05-26 00:00:00+00:00,19.4,12.9,8.1,0.0,6.5,2020,147
512,Oslo - Blindern,SN18700,2020-05-27 00:00:00+00:00,19.0,13.3,6.6,0.0,6.9,2020,148
513,Oslo - Blindern,SN18700,2020-05-28 00:00:00+00:00,19.8,13.5,6.8,0.0,5.8,2020,149
514,Oslo - Blindern,SN18700,2020-05-29 00:00:00+00:00,22.1,16.1,8.0,0.0,4.6,2020,150
515,Oslo - Blindern,SN18700,2020-05-30 00:00:00+00:00,23.0,18.2,13.7,0.0,6.9,2020,151
516,Oslo - Blindern,SN18700,2020-05-31 00:00:00+00:00,25.1,18.8,11.3,0.0,4.6,2020,152
517,Oslo - Blindern,SN18700,2020-06-01 00:00:00+00:00,27.2,19.9,10.3,0.0,4.3,2020,153
518,Oslo - Blindern,SN18700,2020-06-02 00:00:00+00:00,26.3,19.2,11.8,0.1,5.2,2020,154
519,Oslo - Blindern,SN18700,2020-06-03 00:00:00+00:00,23.5,17.5,10.4,0.2,5.7,2020,155
520,Oslo - Blindern,SN18700,2020-06-04 00:00:00+00:00,20.1,15.6,12.1,0.8,6.8,2020,156
521,Oslo - Blindern,SN18700,2020-06-05 00:00:00+00:00,17.4,13.0,10.2,0.7,7.8,2020,157
522,Oslo - Blindern,SN18700,2020-06-06 00:00:00+00:00,12.6,10.6,8.6,9.9,5.3,2020,158
523,Oslo - Blindern,SN18700,2020-06-07 00:00:00+00:00,15.4,11.5,9.4,20.5,7.0,2020,159
524,Oslo - Blindern,SN18700,2020-06-08 00:00:00+00:00,16.3,12.5,10.1,3.3,5.8,2020,160
525,Oslo - Blindern,SN18700,2020-06-09 00:00:00+00:00,20.9,15.2,10.5,0.4,3.9,2020,161
526,Oslo - Blindern,SN18700,2020-06-10 00:00:00+00:00,22.7,15.6,8.8,0.0,4.9,2020,162
527,Oslo - Blindern,SN18700,2020-06-11 00:00:00+00:00,25.5,20.7,14.4,0.9,6.0,2020,163
528,Oslo - Blindern,SN18700,2020-06-12 00:00:00+00:00,26.2,21.7,15.5,0.0,7.2,2020,164
529,Oslo - Blindern,SN18700,2020-06-13 00:00:00+00:00,25.5,21.1,16.0,0.0,6.4,2020,165
530,Oslo - Blindern,SN18700,2020-06-14 00:00:00+00:00,26.5,20.3,12.5,0.0,4.1,2020,166
531,Oslo - Blindern,SN18700,2020-06-15 00:00:00+00:00,28.8,22.3,12.3,0.0,3.9,2020,167
532,Oslo - Blindern,SN18700,2020-06-16 00:00:00+00:00,29.6,22.7,17.1,0.0,8.3,2020,168
533,Oslo - Blindern,SN18700,2020-06-17 00:00:00+00:00,27.1,22.0,16.7,0.6,5.4,2020,169
534,Oslo - Blindern,SN18700,2020-06-18 00:00:00+00:00,29.3,22.9,15.2,0.0,4.3,2020,170
535,Oslo - Blindern,SN18700,2020-06-19 00:00:00+00:00,29.9,24.6,17.8,0.0,4.9,2020,171
536,Oslo - Blindern,SN18700,2020-06-20 00:00:00+00:00,28.5,22.0,19.5,0.0,7.2,2020,172
537,Oslo - Blindern,SN18700,2020-06-21 00:00:00+00:00,21.9,18.4,17.2,5.9,5.4,2020,173
538,Oslo - Blindern,SN18700,2020-06-22 00:00:00+00:00,17.8,15.6,13.6,34.9,3.4,2020,174
539,Oslo - Blindern,SN18700,2020-06-23 00:00:00+00:00,25.8,19.9,12.3,0.0,4.8,2020,175
540,Oslo - Blindern,SN18700,2020-06-24 00:00:00+00:00,27.7,21.3,14.0,0.0,4.3,2020,176
541,Oslo - Blindern,SN18700,2020-06-25 00:00:00+00:00,27.2,21.8,15.9,0.0,5.7,2020,177
542,Oslo - Blindern,SN18700,2020-06-26 00:00:00+00:00,28.9,22.4,14.4,0.0,5.0,2020,178
543,Oslo - Blindern,SN18700,2020-06-27 00:00:00+00:00,30.9,23.8,17.5,0.1,6.0,2020,179
544,Oslo - Blindern,SN18700,2020-06-28 00:00:00+00:00,24.7,18.4,17.1,0.6,5.4,2020,180
545,Oslo - Blindern,SN18700,2020-06-29 00:00:00+00:00,20.3,16.3,13.2,25.9,8.6,2020,181
546,Oslo - Blindern,SN18700,2020-06-30 00:00:00+00:00,20.6,15.2,12.7,4.5,4.6,2020,182
547,Oslo - Blindern,SN18700,2020-07-01 00:00:00+00:00,18.8,13.6,10.5,10.2,5.5,2020,183
548,Oslo - Blindern,SN18700,2020-07-02 00:00:00+00:00,17.7,14.0,9.0,0.6,5.4,2020,184
549,Oslo - Blindern,SN18700,2020-07-03 00:00:00+00:00,17.7,12.1,7.9,3.0,6.3,2020,185
550,Oslo - Blindern,SN18700,2020-07-04 00:00:00+00:00,19.1,14.2,9.6,3.0,5.5,2020,186
551,Oslo - Blindern,SN18700,2020-07-05 00:00:00+00:00,16.8,13.6,10.6,0.0,7.5,2020,187
552,Oslo - Blindern,SN18700,2020-07-06 00:00:00+00:00,17.9,13.4,10.6,47.0,7.5,2020,188
553,Oslo - Blindern,SN18700,2020-07-07 00:00:00+00:00,17.3,11.2,8.7,2.3,10.0,2020,189
554,Oslo - Blindern,SN18700,2020-07-08 00:00:00+00:00,19.1,13.2,7.1,8.2,7.8,2020,190
555,Oslo - Blindern,SN18700,2020-07-09 00:00:00+00:00,20.6,14.8,8.4,2.1,6.2,2020,191
556,Oslo - Blindern,SN18700,2020-07-10 00:00:00+00:00,20.7,14.4,10.0,0.0,5.8,2020,192
557,Oslo - Blindern,SN18700,2020-07-11 00:00:00+00:00,21.6,15.5,8.9,0.7,5.6,2020,193
558,Oslo - Blindern,SN18700,2020-07-12 00:00:00+00:00,20.1,15.5,9.6,0.0,6.3,2020,194
559,Oslo - Blindern,SN18700,2020-07-13 00:00:00+00:00,20.4,15.8,10.0,0.0,5.2,2020,195
560,Oslo - Blindern,SN18700,2020-07-14 00:00:00+00:00,16.9,13.8,12.3,1.5,4.8,2020,196
561,Oslo - Blindern,SN18700,2020-07-15 00:00:00+00:00,23.1,17.4,14.1,12.0,5.7,2020,197
562,Oslo - Blindern,SN18700,2020-07-16 00:00:00+00:00,22.1,16.7,12.6,0.1,4.6,2020,198
563,Oslo - Blindern,SN18700,2020-07-17 00:00:00+00:00,20.9,16.7,13.1,0.0,7.3,2020,199
564,Oslo - Blindern,SN18700,2020-07-18 00:00:00+00:00,16.9,15.9,14.9,2.3,7.1,2020,200
565,Oslo - Blindern,SN18700,2020-07-19 00:00:00+00:00,17.7,15.9,14.8,14.9,5.5,2020,201
566,Oslo - Blindern,SN18700,2020-07-20 00:00:00+00:00,22.4,16.8,13.4,5.0,4.8,2020,202
567,Oslo - Blindern,SN18700,2020-07-21 00:00:00+00:00,19.3,14.8,12.3,0.0,5.7,2020,203
568,Oslo - Blindern,SN18700,2020-07-22 00:00:00+00:00,19.6,13.4,8.3,0.1,5.4,2020,204
569,Oslo - Blindern,SN18700,2020-07-23 00:00:00+00:00,20.6,14.5,7.1,1.7,5.7,2020,205
570,Oslo - Blindern,SN18700,2020-07-24 00:00:00+00:00,20.9,15.5,10.1,0.0,5.5,2020,206
571,Oslo - Blindern,SN18700,2020-07-25 00:00:00+00:00,21.7,16.4,12.1,0.0,6.2,2020,207
572,Oslo - Blindern,SN18700,2020-07-26 00:00:00+00:00,17.8,15.4,13.7,11.3,5.4,2020,208
573,Oslo - Blindern,SN18700,2020-07-27 00:00:00+00:00,20.8,16.4,14.3,13.1,6.9,2020,209
574,Oslo - Blindern,SN18700,2020-07-28 00:00:00+00:00,17.6,14.4,12.8,2.1,5.6,2020,210
575,Oslo - Blindern,SN18700,2020-07-29 00:00:00+00:00,18.5,13.8,11.5,16.5,5.3,2020,211
576,Oslo - Blindern,SN18700,2020-07-30 00:00:00+00:00,24.6,17.8,11.0,6.9,4.0,2020,212
577,Oslo - Blindern,SN18700,2020-07-31 00:00:00+00:00,25.9,19.9,12.5,0.0,4.2,2020,213
578,Oslo - Blindern,SN18700,2020-08-01 00:00:00+00:00,25.1,19.8,14.9,0.1,5.9,2020,214
579,Oslo - Blindern,SN18700,2020-08-02 00:00:00+00:00,21.5,16.2,15.0,0.0,4.4,2020,215
580,Oslo - Blindern,SN18700,2020-08-03 00:00:00+00:00,22.4,16.3,9.7,8.4,5.2,2020,216
581,Oslo - Blindern,SN18700,2020-08-04 00:00:00+00:00,21.5,16.0,11.7,0.0,5.7,2020,217
582,Oslo - Blindern,SN18700,2020-08-05 00:00:00+00:00,17.5,14.4,12.3,1.6,6.1,2020,218
583,Oslo - Blindern,SN18700,2020-08-06 00:00:00+00:00,23.4,18.0,15.6,9.6,5.1,2020,219
584,Oslo - Blindern,SN18700,2020-08-07 00:00:00+00:00,25.4,19.8,14.3,0.2,5.7,2020,220
585,Oslo - Blindern,SN18700,2020-08-08 00:00:00+00:00,25.9,20.0,14.5,0.0,3.9,2020,221
586,Oslo - Blindern,SN18700,2020-08-09 00:00:00+00:00,23.6,19.2,14.6,0.0,7.6,2020,222
587,Oslo - Blindern,SN18700,2020-08-10 00:00:00+00:00,22.5,18.7,16.6,0.0,6.4,2020,223
588,Oslo - Blindern,SN18700,2020-08-11 00:00:00+00:00,26.1,20.4,14.3,0.1,3.8,2020,224
589,Oslo - Blindern,SN18700,2020-08-12 00:00:00+00:00,26.3,20.3,14.2,0.0,5.2,2020,225
590,Oslo - Blindern,SN18700,2020-08-13 00:00:00+00:00,25.6,19.6,14.8,0.0,5.0,2020,226
591,Oslo - Blindern,SN18700,2020-08-14 00:00:00+00:00,26.0,19.6,13.8,9.5,4.1,2020,227
592,Oslo - Blindern,SN18700,2020-08-15 00:00:00+00:00,24.1,19.2,16.6,0.0,3.5,2020,228
593,Oslo - Blindern,SN18700,2020-08-16 00:00:00+00:00,24.5,18.7,16.2,0.0,3.6,2020,229
594,Oslo - Blindern,SN18700,2020-08-17 00:00:00+00:00,27.2,20.3,13.6,0.0,3.1,2020,230
595,Oslo - Blindern,SN18700,2020-08-18 00:00:00+00:00,28.7,21.0,13.7,0.0,6.0,2020,231
596,Oslo - Blindern,SN18700,2020-08-19 00:00:00+00:00,24.5,19.4,15.1,0.0,5.2,2020,232
597,Oslo - Blindern,SN18700,2020-08-20 00:00:00+00:00,24.8,20.0,16.1,0.0,5.1,2020,233
598,Oslo - Blindern,SN18700,2020-08-21 00:00:00+00:00,20.6,17.7,16.6,5.0,4.8,2020,234
599,Oslo - Blindern,SN18700,2020-08-22 00:00:00+00:00,20.7,18.0,17.0,13.3,7.4,2020,235
600,Oslo - Blindern,SN18700,2020-08-23 00:00:00+00:00,20.9,15.6,13.4,4.4,6.6,2020,236
601,Oslo - Blindern,SN18700,2020-08-24 00:00:00+00:00,19.4,13.0,7.6,2.5,5.6,2020,237
602,Oslo - Blindern,SN18700,2020-08-25 00:00:00+00:00,18.3,12.4,5.4,0.0,6.0,2020,238
603,Oslo - Blindern,SN18700,2020-08-26 00:00:00+00:00,18.3,12.6,9.0,0.9,4.8,2020,239
604,Oslo - Blindern,SN18700,2020-08-27 00:00:00+00:00,19.1,13.0,7.5,0.0,3.4,2020,240
605,Oslo - Blindern,SN18700,2020-08-28 00:00:00+00:00,18.7,14.2,9.9,0.0,4.5,2020,241
606,Oslo - Blindern,SN18700,2020-08-29 00:00:00+00:00,19.2,13.8,10.4,0.0,5.2,2020,242
607,Oslo - Blindern,SN18700,2020-08-30 00:00:00+00:00,18.0,12.6,7.5,0.0,5.9,2020,243
608,Oslo - Blindern,SN18700,2020-08-31 00:00:00+00:00,19.2,12.5,6.3,0.0,5.7,2020,244
609,Oslo - Blindern,SN18700,2020-09-01 00:00:00+00:00,20.1,13.0,5.3,0.0,3.7,2020,245
610,Oslo - Blindern,SN18700,2020-09-02 00:00:00+00:00,21.0,14.2,6.6,0.0,3.8,2020,246
611,Oslo - Blindern,SN18700,2020-09-03 00:00:00+00:00,19.3,14.4,9.9,0.0,4.2,2020,247
612,Oslo - Blindern,SN18700,2020-09-04 00:00:00+00:00,20.6,15.5,12.5,2.9,6.1,2020,248
613,Oslo - Blindern,SN18700,2020-09-05 00:00:00+00:00,18.6,12.5,7.9,0.0,6.3,2020,249
614,Oslo - Blindern,SN18700,2020-09-06 00:00:00+00:00,19.4,11.8,6.8,1.6,5.8,2020,250
615,Oslo - Blindern,SN18700,2020-09-07 00:00:00+00:00,18.2,12.2,6.6,0.0,7.0,2020,251
616,Oslo - Blindern,SN18700,2020-09-08 00:00:00+00:00,22.2,15.2,9.7,3.6,6.5,2020,252
617,Oslo - Blindern,SN18700,2020-09-09 00:00:00+00:00,17.4,12.8,10.9,4.2,6.3,2020,253
618,Oslo - Blindern,SN18700,2020-09-10 00:00:00+00:00,16.4,11.6,6.8,3.9,5.6,2020,254
619,Oslo - Blindern,SN18700,2020-09-11 00:00:00+00:00,14.5,11.0,6.4,0.0,6.1,2020,255
620,Oslo - Blindern,SN18700,2020-09-12 00:00:00+00:00,18.3,12.7,10.5,0.7,8.3,2020,256
621,Oslo - Blindern,SN18700,2020-09-13 00:00:00+00:00,17.2,11.9,5.9,0.1,5.2,2020,257
622,Oslo - Blindern,SN18700,2020-09-14 00:00:00+00:00,20.8,15.6,11.3,0.0,4.6,2020,258
623,Oslo - Blindern,SN18700,2020-09-15 00:00:00+00:00,20.1,14.6,12.0,0.0,4.7,2020,259
624,Oslo - Blindern,SN18700,2020-09-16 00:00:00+00:00,15.9,12.9,11.6,0.0,11.7,2020,260
625,Oslo - Blindern,SN18700,2020-09-17 00:00:00+00:00,15.6,9.9,4.1,0.0,6.7,2020,261
626,Oslo - Blindern,SN18700,2020-09-18 00:00:00+00:00,23.2,13.6,5.7,0.1,5.5,2020,262
627,Oslo - Blindern,SN18700,2020-09-19 00:00:00+00:00,19.5,12.4,7.9,0.1,4.0,2020,263
628,Oslo - Blindern,SN18700,2020-09-20 00:00:00+00:00,17.5,12.8,7.6,0.0,2.9,2020,264
629,Oslo - Blindern,SN18700,2020-09-21 00:00:00+00:00,19.6,14.5,12.3,0.0,6.8,2020,265
630,Oslo - Blindern,SN18700,2020-09-22 00:00:00+00:00,16.7,13.1,10.7,0.0,6.3,2020,266
631,Oslo - Blindern,SN18700,2020-09-23 00:00:00+00:00,15.2,14.6,12.2,0.0,5.5,2020,267
632,Oslo - Blindern,SN18700,2020-09-24 00:00:00+00:00,15.9,13.5,12.4,11.0,9.7,2020,268
633,Oslo - Blindern,SN18700,2020-09-25 00:00:00+00:00,13.0,9.8,5.5,13.4,8.2,2020,269
634,Oslo - Blindern,SN18700,2020-09-26 00:00:00+00:00,10.9,8.6,6.8,27.5,13.7,2020,270
635,Oslo - Blindern,SN18700,2020-09-27 00:00:00+00:00,13.2,11.6,9.3,2.5,8.8,2020,271
636,Oslo - Blindern,SN18700,2020-09-28 00:00:00+00:00,15.1,12.9,10.3,0.0,5.3,2020,272
637,Oslo - Blindern,SN18700,2020-09-29 00:00:00+00:00,14.1,12.4,11.9,0.8,3.4,2020,273
638,Oslo - Blindern,SN18700,2020-09-30 00:00:00+00:00,14.8,12.5,10.7,3.9,3.1,2020,274
639,Oslo - Blindern,SN18700,2020-10-01 00:00:00+00:00,13.3,11.8,11.0,0.3,5.6,2020,275
640,Oslo - Blindern,SN18700,2020-10-02 00:00:00+00:00,14.7,12.9,10.9,0.3,7.2,2020,276
641,Oslo - Blindern,SN18700,2020-10-03 00:00:00+00:00,13.9,12.7,11.7,0.0,7.1,2020,277
642,Oslo - Blindern,SN18700,2020-10-04 00:00:00+00:00,13.7,13.3,12.8,0.1,9.4,2020,278
643,Oslo - Blindern,SN18700,2020-10-05 00:00:00+00:00,16.1,12.6,11.2,20.8,5.3,2020,279
644,Oslo - Blindern,SN18700,2020-10-06 00:00:00+00:00,12.0,11.1,10.4,0.3,7.2,2020,280
645,Oslo - Blindern,SN18700,2020-10-07 00:00:00+00:00,13.8,11.2,9.9,13.3,3.4,2020,281
646,Oslo - Blindern,SN18700,2020-10-08 00:00:00+00:00,12.0,10.7,10.3,13.2,3.9,2020,282
647,Oslo - Blindern,SN18700,2020-10-09 00:00:00+00:00,14.8,9.7,7.1,3.6,5.9,2020,283
648,Oslo - Blindern,SN18700,2020-10-10 00:00:00+00:00,9.4,7.5,6.3,1.3,4.3,2020,284
649,Oslo - Blindern,SN18700,2020-10-11 00:00:00+00:00,13.6,8.7,6.2,26.9,6.7,2020,285
650,Oslo - Blindern,SN18700,2020-10-12 00:00:00+00:00,13.3,7.2,3.0,0.0,2.9,2020,286
651,Oslo - Blindern,SN18700,2020-10-13 00:00:00+00:00,10.3,7.0,4.0,0.0,5.5,2020,287
652,Oslo - Blindern,SN18700,2020-10-14 00:00:00+00:00,9.7,6.5,2.3,0.0,6.5,2020,288
653,Oslo - Blindern,SN18700,2020-10-15 00:00:00+00:00,12.8,7.1,2.8,0.0,5.1,2020,289
654,Oslo - Blindern,SN18700,2020-10-16 00:00:00+00:00,12.9,8.0,3.5,0.0,5.6,2020,290
655,Oslo - Blindern,SN18700,2020-10-17 00:00:00+00:00,8.5,4.5,0.6,0.0,4.1,2020,291
656,Oslo - Blindern,SN18700,2020-10-18 00:00:00+00:00,10.2,5.0,0.4,0.0,6.9,2020,292
657,Oslo - Blindern,SN18700,2020-10-19 00:00:00+00:00,7.7,2.9,-1.1,0.0,4.0,2020,293
658,Oslo - Blindern,SN18700,2020-10-20 00:00:00+00:00,4.6,3.0,0.8,7.8,5.8,2020,294
659,Oslo - Blindern,SN18700,2020-10-21 00:00:00+00:00,8.2,6.6,4.1,24.3,3.7,2020,295
660,Oslo - Blindern,SN18700,2020-10-22 00:00:00+00:00,8.8,7.4,6.7,11.5,3.5,2020,296
661,Oslo - Blindern,SN18700,2020-10-23 00:00:00+00:00,7.3,4.9,3.9,7.9,6.0,2020,297
662,Oslo - Blindern,SN18700,2020-10-24 00:00:00+00:00,6.4,5.2,3.0,1.6,5.6,2020,298
663,Oslo - Blindern,SN18700,2020-10-25 00:00:00+00:00,12.3,10.1,6.4,5.2,8.0,2020,299
664,Oslo - Blindern,SN18700,2020-10-26 00:00:00+00:00,10.2,8.1,6.4,12.1,3.8,2020,300
665,Oslo - Blindern,SN18700,2020-10-27 00:00:00+00:00,9.3,8.3,7.7,26.2,4.3,2020,301
666,Oslo - Blindern,SN18700,2020-10-28 00:00:00+00:00,11.7,8.8,7.5,20.1,6.3,2020,302
667,Oslo - Blindern,SN18700,2020-10-29 00:00:00+00:00,10.6,6.7,4.4,2.6,5.0,2020,303
668,Oslo - Blindern,SN18700,2020-10-30 00:00:00+00:00,5.2,3.8,0.3,0.0,3.8,2020,304
669,Oslo - Blindern,SN18700,2020-10-31 00:00:00+00:00,7.8,7.0,5.1,6.5,4.8,2020,305
670,Oslo - Blindern,SN18700,2020-11-01 00:00:00+00:00,11.1,10.1,6.4,3.4,7.1,2020,306
671,Oslo - Blindern,SN18700,2020-11-02 00:00:00+00:00,14.9,11.1,8.9,14.4,9.1,2020,307
672,Oslo - Blindern,SN18700,2020-11-03 00:00:00+00:00,11.0,7.2,4.2,0.4,5.4,2020,308
673,Oslo - Blindern,SN18700,2020-11-04 00:00:00+00:00,8.3,4.4,1.2,0.0,5.9,2020,309
674,Oslo - Blindern,SN18700,2020-11-05 00:00:00+00:00,13.4,10.1,2.9,0.0,5.9,2020,310
675,Oslo - Blindern,SN18700,2020-11-06 00:00:00+00:00,16.1,10.9,8.5,0.0,6.4,2020,311
676,Oslo - Blindern,SN18700,2020-11-07 00:00:00+00:00,10.6,4.9,2.9,0.1,3.4,2020,312
677,Oslo - Blindern,SN18700,2020-11-08 00:00:00+00:00,5.6,1.7,-0.3,0.1,2.7,2020,313
678,Oslo - Blindern,SN18700,2020-11-09 00:00:00+00:00,3.4,1.6,-1.2,0.0,3.3,2020,314
679,Oslo - Blindern,SN18700,2020-11-10 00:00:00+00:00,5.2,4.6,3.4,0.0,2.2,2020,315
680,Oslo - Blindern,SN18700,2020-11-11 00:00:00+00:00,6.7,5.6,4.5,0.6,3.0,2020,316
681,Oslo - Blindern,SN18700,2020-11-12 00:00:00+00:00,6.7,5.5,5.0,2.8,3.5,2020,317
682,Oslo - Blindern,SN18700,2020-11-13 00:00:00+00:00,6.3,5.5,4.1,0.0,3.2,2020,318
683,Oslo - Blindern,SN18700,2020-11-14 00:00:00+00:00,8.3,6.6,3.3,8.4,3.8,2020,319
684,Oslo - Blindern,SN18700,2020-11-15 00:00:00+00:00,11.0,9.3,3.5,7.1,5.5,2020,320
685,Oslo - Blindern,SN18700,2020-11-16 00:00:00+00:00,11.4,9.0,7.9,20.4,6.2,2020,321
686,Oslo - Blindern,SN18700,2020-11-17 00:00:00+00:00,9.7,7.7,5.4,7.3,4.4,2020,322
687,Oslo - Blindern,SN18700,2020-11-18 00:00:00+00:00,12.0,9.7,6.6,3.5,9.9,2020,323
688,Oslo - Blindern,SN18700,2020-11-19 00:00:00+00:00,11.0,4.3,1.6,1.2,10.2,2020,324
689,Oslo - Blindern,SN18700,2020-11-20 00:00:00+00:00,5.0,0.6,-1.3,0.9,6.7,2020,325
690,Oslo - Blindern,SN18700,2020-11-21 00:00:00+00:00,9.0,4.8,-1.5,8.4,5.8,2020,326
691,Oslo - Blindern,SN18700,2020-11-22 00:00:00+00:00,7.2,5.4,3.0,0.2,7.4,2020,327
692,Oslo - Blindern,SN18700,2020-11-23 00:00:00+00:00,7.4,4.3,1.6,0.0,6.7,2020,328
693,Oslo - Blindern,SN18700,2020-11-24 00:00:00+00:00,7.1,5.1,3.0,0.0,2.7,2020,329
694,Oslo - Blindern,SN18700,2020-11-25 00:00:00+00:00,10.2,8.8,5.0,0.0,7.0,2020,330
695,Oslo - Blindern,SN18700,2020-11-26 00:00:00+00:00,8.8,2.2,0.3,0.3,3.1,2020,331
696,Oslo - Blindern,SN18700,2020-11-27 00:00:00+00:00,2.9,-1.8,-3.0,0.0,2.9,2020,332
697,Oslo - Blindern,SN18700,2020-11-28 00:00:00+00:00,-0.5,-2.1,-5.2,0.0,2.1,2020,333
698,Oslo - Blindern,SN18700,2020-11-29 00:00:00+00:00,-1.0,-2.4,-2.9,0.0,2.6,2020,334
699,Oslo - Blindern,SN18700,2020-11-30 00:00:00+00:00,3.4,1.0,-3.1,0.0,2.1,2020,335
700,Oslo - Blindern,SN18700,2020-12-01 00:00:00+00:00,4.5,1.3,-0.5,9.7,4.3,2020,336
701,Oslo - Blindern,SN18700,2020-12-02 00:00:00+00:00,2.9,1.3,-2.4,0.0,5.2,2020,337
702,Oslo - Blindern,SN18700,2020-12-03 00:00:00+00:00,2.4,1.9,1.2,3.1,5.9,2020,338
703,Oslo - Blindern,SN18700,2020-12-04 00:00:00+00:00,1.8,1.3,0.3,2.4,4.5,2020,339
704,Oslo - Blindern,SN18700,2020-12-05 00:00:00+00:00,2.9,2.4,1.5,0.2,6.8,2020,340
705,Oslo - Blindern,SN18700,2020-12-06 00:00:00+00:00,3.9,3.6,2.4,0.5,8.3,2020,341
706,Oslo - Blindern,SN18700,2020-12-07 00:00:00+00:00,5.4,4.6,3.5,2.5,8.7,2020,342
707,Oslo - Blindern,SN18700,2020-12-08 00:00:00+00:00,4.9,2.9,2.0,1.8,5.3,2020,343
708,Oslo - Blindern,SN18700,2020-12-09 00:00:00+00:00,2.6,2.1,1.7,8.1,4.3,2020,344
709,Oslo - Blindern,SN18700,2020-12-10 00:00:00+00:00,3.1,2.2,1.7,3.7,4.9,2020,345
710,Oslo - Blindern,SN18700,2020-12-11 00:00:00+00:00,2.5,1.2,0.8,1.8,6.0,2020,346
711,Oslo - Blindern,SN18700,2020-12-12 00:00:00+00:00,2.4,1.7,0.7,0.9,7.1,2020,347
712,Oslo - Blindern,SN18700,2020-12-13 00:00:00+00:00,2.8,2.6,2.0,0.2,6.4,2020,348
713,Oslo - Blindern,SN18700,2020-12-14 00:00:00+00:00,3.4,2.5,1.7,4.0,3.8,2020,349
714,Oslo - Blindern,SN18700,2020-12-15 00:00:00+00:00,4.0,2.6,1.0,10.2,4.0,2020,350
715,Oslo - Blindern,SN18700,2020-12-16 00:00:00+00:00,2.4,-0.4,-1.1,13.9,2.9,2020,351
716,Oslo - Blindern,SN18700,2020-12-17 00:00:00+00:00,4.7,3.0,-1.0,0.6,4.5,2020,352
717,Oslo - Blindern,SN18700,2020-12-18 00:00:00+00:00,4.7,2.6,0.5,11.5,3.7,2020,353
718,Oslo - Blindern,SN18700,2020-12-19 00:00:00+00:00,7.2,6.4,4.2,5.1,4.9,2020,354
719,Oslo - Blindern,SN18700,2020-12-20 00:00:00+00:00,7.7,6.9,5.6,6.8,5.2,2020,355
720,Oslo - Blindern,SN18700,2020-12-21 00:00:00+00:00,7.4,5.1,4.1,1.0,5.2,2020,356
721,Oslo - Blindern,SN18700,2020-12-22 00:00:00+00:00,5.2,4.1,3.3,1.2,4.0,2020,357
722,Oslo - Blindern,SN18700,2020-12-23 00:00:00+00:00,3.9,0.3,-1.1,4.0,4.0,2020,358
723,Oslo - Blindern,SN18700,2020-12-24 00:00:00+00:00,2.6,0.1,-1.7,0.0,5.5,2020,359
724,Oslo - Blindern,SN18700,2020-12-25 00:00:00+00:00,1.6,-1.4,-3.3,0.0,4.7,2020,360
725,Oslo - Blindern,SN18700,2020-12-26 00:00:00+00:00,3.0,0.1,-3.4,0.1,3.9,2020,361
726,Oslo - Blindern,SN18700,2020-12-27 00:00:00+00:00,5.0,2.9,1.2,23.6,8.0,2020,362
727,Oslo - Blindern,SN18700,2020-12-28 00:00:00+00:00,1.8,1.3,0.8,23.2,4.7,2020,363
728,Oslo - Blindern,SN18700,2020-12-29 00:00:00+00:00,2.7,2.3,1.3,9.6,7.3,2020,364
729,Oslo - Blindern,SN18700,2020-12-30 00:00:00+00:00,2.6,1.7,1.3,5.6,8.5,2020,365
730,Oslo - Blindern,SN18700,2020-12-31 00:00:00+00:00,1.5,0.2,-0.2,2.6,5.1,2020,366
731,Oslo - Blindern,SN18700,2021-01-01 00:00:00+00:00,1.0,0.3,-0.7,0.0,4.2,2021,1
732,Oslo - Blindern,SN18700,2021-01-02 00:00:00+00:00,1.2,0.9,0.5,1.0,4.6,2021,2
733,Oslo - Blindern,SN18700,2021-01-03 00:00:00+00:00,1.3,-1.4,-2.7,0.0,5.6,2021,3
734,Oslo - Blindern,SN18700,2021-01-04 00:00:00+00:00,-1.8,-3.0,-4.4,0.0,6.0,2021,4
735,Oslo - Blindern,SN18700,2021-01-05 00:00:00+00:00,-1.5,-6.6,-8.9,0.0,4.6,2021,5
736,Oslo - Blindern,SN18700,2021-01-06 00:00:00+00:00,-6.9,-9.0,-11.6,0.0,6.6,2021,6
737,Oslo - Blindern,SN18700,2021-01-07 00:00:00+00:00,-4.5,-5.3,-7.2,0.3,6.8,2021,7
738,Oslo - Blindern,SN18700,2021-01-08 00:00:00+00:00,-3.8,-4.6,-5.9,0.4,4.4,2021,8
739,Oslo - Blindern,SN18700,2021-01-09 00:00:00+00:00,-3.6,-5.0,-6.0,0.0,3.7,2021,9
740,Oslo - Blindern,SN18700,2021-01-10 00:00:00+00:00,-0.3,-3.6,-6.3,0.8,2.9,2021,10
741,Oslo - Blindern,SN18700,2021-01-11 00:00:00+00:00,-3.9,-5.6,-7.1,0.0,5.7,2021,11
742,Oslo - Blindern,SN18700,2021-01-12 00:00:00+00:00,-5.0,-8.0,-11.9,1.1,2.9,2021,12
743,Oslo - Blindern,SN18700,2021-01-13 00:00:00+00:00,-1.9,-3.9,-6.9,1.6,11.1,2021,13
744,Oslo - Blindern,SN18700,2021-01-14 00:00:00+00:00,-3.2,-6.1,-7.4,0.7,8.1,2021,14
745,Oslo - Blindern,SN18700,2021-01-15 00:00:00+00:00,-5.2,-9.9,-12.3,0.0,3.4,2021,15
746,Oslo - Blindern,SN18700,2021-01-16 00:00:00+00:00,-5.3,-10.1,-12.3,0.0,2.6,2021,16
747,Oslo - Blindern,SN18700,2021-01-17 00:00:00+00:00,-5.7,-6.9,-11.5,0.0,3.3,2021,17
748,Oslo - Blindern,SN18700,2021-01-18 00:00:00+00:00,-2.2,-3.0,-5.8,0.9,4.3,2021,18
749,Oslo - Blindern,SN18700,2021-01-19 00:00:00+00:00,0.2,-0.6,-2.4,2.9,4.9,2021,19
750,Oslo - Blindern,SN18700,2021-01-20 00:00:00+00:00,1.2,0.7,-0.3,2.6,6.5,2021,20
751,Oslo - Blindern,SN18700,2021-01-21 00:00:00+00:00,4.1,3.1,1.0,13.4,8.2,2021,21
752,Oslo - Blindern,SN18700,2021-01-22 00:00:00+00:00,4.5,3.2,2.2,17.1,10.8,2021,22
753,Oslo - Blindern,SN18700,2021-01-23 00:00:00+00:00,4.4,1.7,0.3,3.7,5.1,2021,23
754,Oslo - Blindern,SN18700,2021-01-24 00:00:00+00:00,0.3,-0.4,-2.3,0.2,2.9,2021,24
755,Oslo - Blindern,SN18700,2021-01-25 00:00:00+00:00,-0.1,-4.8,-7.6,0.4,4.4,2021,25
756,Oslo - Blindern,SN18700,2021-01-26 00:00:00+00:00,-2.4,-7.7,-9.9,0.0,3.1,2021,26
757,Oslo - Blindern,SN18700,2021-01-27 00:00:00+00:00,-3.2,-8.4,-11.5,0.0,2.4,2021,27
758,Oslo - Blindern,SN18700,2021-01-28 00:00:00+00:00,-4.1,-8.9,-10.9,0.0,3.3,2021,28
759,Oslo - Blindern,SN18700,2021-01-29 00:00:00+00:00,-7.1,-11.3,-13.7,0.0,3.5,2021,29
760,Oslo - Blindern,SN18700,2021-01-30 00:00:00+00:00,-6.9,-11.2,-14.5,0.0,3.8,2021,30
761,Oslo - Blindern,SN18700,2021-01-31 00:00:00+00:00,-4.8,-9.6,-12.4,0.0,2.2,2021,31
762,Oslo - Blindern,SN18700,2021-02-01 00:00:00+00:00,-5.8,-8.9,-11.5,0.2,3.5,2021,32
763,Oslo - Blindern,SN18700,2021-02-02 00:00:00+00:00,-5.0,-6.4,-10.2,0.2,6.5,2021,33
764,Oslo - Blindern,SN18700,2021-02-03 00:00:00+00:00,-4.9,-7.1,-8.6,1.1,6.9,2021,34
765,Oslo - Blindern,SN18700,2021-02-04 00:00:00+00:00,-6.0,-9.0,-11.2,0.1,6.8,2021,35
766,Oslo - Blindern,SN18700,2021-02-05 00:00:00+00:00,-3.7,-7.2,-11.1,0.0,5.8,2021,36
767,Oslo - Blindern,SN18700,2021-02-06 00:00:00+00:00,-3.6,-6.4,-8.5,0.0,6.0,2021,37
768,Oslo - Blindern,SN18700,2021-02-07 00:00:00+00:00,-4.5,-6.7,-8.2,0.0,7.9,2021,38
769,Oslo - Blindern,SN18700,2021-02-08 00:00:00+00:00,-2.8,-5.3,-9.2,0.0,6.9,2021,39
770,Oslo - Blindern,SN18700,2021-02-09 00:00:00+00:00,-3.3,-6.4,-7.6,0.3,7.2,2021,40
771,Oslo - Blindern,SN18700,2021-02-10 00:00:00+00:00,-3.8,-8.2,-12.9,0.0,6.7,2021,41
772,Oslo - Blindern,SN18700,2021-02-11 00:00:00+00:00,-4.3,-8.3,-11.7,0.0,8.1,2021,42
773,Oslo - Blindern,SN18700,2021-02-12 00:00:00+00:00,-0.6,-7.9,-13.3,0.0,3.8,2021,43
774,Oslo - Blindern,SN18700,2021-02-13 00:00:00+00:00,-2.5,-8.8,-13.5,0.0,2.8,2021,44
775,Oslo - Blindern,SN18700,2021-02-14 00:00:00+00:00,-3.4,-9.8,-14.1,0.0,3.0,2021,45
776,Oslo - Blindern,SN18700,2021-02-15 00:00:00+00:00,-4.4,-6.2,-11.6,0.0,4.3,2021,46
777,Oslo - Blindern,SN18700,2021-02-16 00:00:00+00:00,-1.8,-2.5,-4.4,4.3,4.4,2021,47
778,Oslo - Blindern,SN18700,2021-02-17 00:00:00+00:00,-1.3,-2.5,-3.7,2.7,6.5,2021,48
779,Oslo - Blindern,SN18700,2021-02-18 00:00:00+00:00,-1.3,-2.1,-3.2,6.3,3.6,2021,49
780,Oslo - Blindern,SN18700,2021-02-19 00:00:00+00:00,1.7,0.5,-1.4,4.5,5.0,2021,50
781,Oslo - Blindern,SN18700,2021-02-20 00:00:00+00:00,3.2,2.5,0.5,3.8,5.4,2021,51
782,Oslo - Blindern,SN18700,2021-02-21 00:00:00+00:00,3.3,2.6,2.2,3.5,3.3,2021,52
783,Oslo - Blindern,SN18700,2021-02-22 00:00:00+00:00,4.6,3.3,1.9,0.3,3.0,2021,53
784,Oslo - Blindern,SN18700,2021-02-23 00:00:00+00:00,4.5,1.7,1.0,0.3,3.7,2021,54
785,Oslo - Blindern,SN18700,2021-02-24 00:00:00+00:00,6.0,4.2,1.0,0.5,5.7,2021,55
786,Oslo - Blindern,SN18700,2021-02-25 00:00:00+00:00,4.8,3.6,3.5,0.5,3.8,2021,56
787,Oslo - Blindern,SN18700,2021-02-26 00:00:00+00:00,12.4,4.5,-0.5,0.0,5.6,2021,57
788,Oslo - Blindern,SN18700,2021-02-27 00:00:00+00:00,7.3,1.8,-1.4,0.0,4.0,2021,58
789,Oslo - Blindern,SN18700,2021-02-28 00:00:00+00:00,11.7,4.2,0.2,0.0,3.1,2021,59
790,Oslo - Blindern,SN18700,2021-03-01 00:00:00+00:00,5.5,1.9,-2.9,0.0,2.9,2021,60
791,Oslo - Blindern,SN18700,2021-03-02 00:00:00+00:00,12.4,5.3,2.1,0.0,4.3,2021,61
792,Oslo - Blindern,SN18700,2021-03-03 00:00:00+00:00,5.7,-1.2,-2.2,0.0,2.6,2021,62
793,Oslo - Blindern,SN18700,2021-03-04 00:00:00+00:00,5.4,1.9,-1.8,0.0,7.2,2021,63
794,Oslo - Blindern,SN18700,2021-03-05 00:00:00+00:00,5.9,0.7,-2.9,0.0,6.0,2021,64
795,Oslo - Blindern,SN18700,2021-03-06 00:00:00+00:00,7.7,2.2,-4.2,0.0,6.9,2021,65
796,Oslo - Blindern,SN18700,2021-03-07 00:00:00+00:00,7.1,1.2,-0.1,0.0,9.2,2021,66
797,Oslo - Blindern,SN18700,2021-03-08 00:00:00+00:00,3.9,-1.0,-5.5,0.0,4.9,2021,67
798,Oslo - Blindern,SN18700,2021-03-09 00:00:00+00:00,6.9,2.1,-2.6,0.0,3.4,2021,68
799,Oslo - Blindern,SN18700,2021-03-10 00:00:00+00:00,4.6,-1.8,-3.7,1.8,5.6,2021,69
800,Oslo - Blindern,SN18700,2021-03-11 00:00:00+00:00,1.3,0.3,-1.2,12.9,5.6,2021,70
801,Oslo - Blindern,SN18700,2021-03-12 00:00:00+00:00,7.2,2.0,-0.3,12.3,4.1,2021,71
802,Oslo - Blindern,SN18700,2021-03-13 00:00:00+00:00,4.7,0.9,-3.6,0.0,2.7,2021,72
803,Oslo - Blindern,SN18700,2021-03-14 00:00:00+00:00,7.0,2.5,-0.3,0.0,3.6,2021,73
804,Oslo - Blindern,SN18700,2021-03-15 00:00:00+00:00,8.8,4.0,0.3,0.2,7.4,2021,74
805,Oslo - Blindern,SN18700,2021-03-16 00:00:00+00:00,7.0,2.7,-0.6,0.0,5.4,2021,75
806,Oslo - Blindern,SN18700,2021-03-17 00:00:00+00:00,6.8,1.7,-2.5,0.0,5.8,2021,76
807,Oslo - Blindern,SN18700,2021-03-18 00:00:00+00:00,8.7,3.7,-2.6,0.0,4.5,2021,77
808,Oslo - Blindern,SN18700,2021-03-19 00:00:00+00:00,6.1,1.1,-0.8,0.1,6.0,2021,78
809,Oslo - Blindern,SN18700,2021-03-20 00:00:00+00:00,6.2,2.3,-3.2,0.0,4.2,2021,79
810,Oslo - Blindern,SN18700,2021-03-21 00:00:00+00:00,7.7,4.8,-0.7,0.0,7.5,2021,80
811,Oslo - Blindern,SN18700,2021-03-22 00:00:00+00:00,12.9,6.6,-0.6,0.0,4.9,2021,81
812,Oslo - Blindern,SN18700,2021-03-23 00:00:00+00:00,12.8,6.2,0.8,0.0,6.1,2021,82
813,Oslo - Blindern,SN18700,2021-03-24 00:00:00+00:00,12.1,5.7,1.0,0.0,6.6,2021,83
814,Oslo - Blindern,SN18700,2021-03-25 00:00:00+00:00,10.4,4.7,-0.3,0.0,5.5,2021,84
815,Oslo - Blindern,SN18700,2021-03-26 00:00:00+00:00,6.7,3.8,-0.5,0.0,5.2,2021,85
816,Oslo - Blindern,SN18700,2021-03-27 00:00:00+00:00,6.6,4.5,3.8,0.8,6.2,2021,86
817,Oslo - Blindern,SN18700,2021-03-28 00:00:00+00:00,7.9,2.9,-2.8,3.0,5.5,2021,87
818,Oslo - Blindern,SN18700,2021-03-29 00:00:00+00:00,12.7,7.7,4.2,2.8,6.7,2021,88
819,Oslo - Blindern,SN18700,2021-03-30 00:00:00+00:00,18.6,11.8,6.0,0.0,7.3,2021,89
820,Oslo - Blindern,SN18700,2021-03-31 00:00:00+00:00,15.2,6.1,5.4,0.0,8.4,2021,90
821,Oslo - Blindern,SN18700,2021-04-01 00:00:00+00:00,11.2,5.1,0.0,0.0,4.7,2021,91
